FIPS,State,County,Climate Region,MEDHINC16,GROCPTH16,CONVSPTH16,SUPERCPTH16,PCT_OBESE_ADULTS17,RECFACPTH16,largest_group,FFRPTH16,FSRPTH16,PCTADTLHS16_20,PCTADTWHS16_20,PCTADTWC16_20
51083,VA,Halifax,Southeast,39859.0,0.257407619,0.915227091,0.0286008,30.1,0.0572017,white_not_hispanic_2017,0.800823704,0.543416085,17.55691237717844,36.56140067122236,29.80065504831992
29121,MO,Macon,Ohio Valley,40603.0,0.264148451,0.594334016,0.0,32.5,0.198111339,white_not_hispanic_2017,0.46225979,0.92451958,10.58079355951696,46.67433390837646,25.27314548591144
48333,TX,Mills,South,43540.0,0.204331835,0.81732734,0.0,33.0,0.204331835,white_not_hispanic_2017,0.612995505,0.81732734,17.17283268912203,33.51739370513528,28.21645499723909
36067,NY,Onondaga,Northeast,56853.0,0.25930331,0.447887535,0.012858,25.7,0.117865141,white_not_hispanic_2017,0.889346063,0.780052932,8.765673312214277,25.40546692717719,29.68934752230463
28079,MS,Leake,South,35644.0,0.087962352,0.835642345,0.0439812,37.3,0.0439812,white_not_hispanic_2017,0.483792937,0.263887056,19.53045942116981,36.49733522228968,28.04425554880928
8021,CO,Conejos,Southwest,34390.0,0.371655104,0.247770069,0.0,22.6,0.0,hispanic_2017,0.247770069,0.495540139,12.26626776364996,30.96484667165296,31.264023934181
41025,OR,Harney,Northwest,41846.0,0.275444154,0.964054538,0.0,29.4,0.137722077,white_not_hispanic_2017,1.377220768,1.377220768,8.442530887308124,35.64208161737177,39.4421564956945
48009,TX,Archer,South,58928.0,0.113973102,0.797811716,0.0,33.0,0.0,white_not_hispanic_2017,0.455892409,0.341919307,9.512273901808785,36.54715762273902,31.63759689922481
51149,VA,Prince George,Southeast,66775.0,0.0529003,0.370301796,0.0,30.1,0.0529003,white_not_hispanic_2017,0.449652181,0.449652181,10.23841859061415,30.40591519541271,35.94009355666214
21061,KY,Edmonson,Ohio Valley,38395.0,0.165727544,0.41431886,0.0,34.3,0.0,white_not_hispanic_2017,0.248591316,0.497182632,21.38499774062359,39.75372797107998,28.42295526434704
34039,NJ,Union,Northeast,71801.0,0.272675751,0.245942834,0.00534658,27.3,0.171090667,white_not_hispanic_2017,0.680798281,0.826938226,12.86287742160684,28.22841246251567,21.85515049265122
17081,IL,Jefferson,Ohio Valley,45746.0,0.208833664,0.39156312,0.0261042,31.1,0.13052104,white_not_hispanic_2017,0.809230448,0.678709408,10.94380920034718,31.12570285671157,40.55624740556247
33009,NH,Grafton,Northeast,60335.0,0.324708043,0.705400231,0.0335905,28.1,0.201542923,white_not_hispanic_2017,0.873352667,1.511571923,7.396042084168336,25.34913577154309,25.1315130260521
30009,MT,Carbon,Northern Rockies and Plains,53794.0,0.476281196,0.762049914,0.0,25.3,0.095256239,white_not_hispanic_2017,0.857306154,1.809868546,4.638986971873858,31.15792037014489,32.6920735419457
45007,SC,Anderson,Southeast,45821.0,0.16839484,0.704196604,0.0204115,34.1,0.091851731,white_not_hispanic_2017,0.683785108,0.821562704,14.35571793087451,30.17933774066342,31.35438413361169
5091,AR,Miller,South,38412.0,0.159547796,0.592606099,0.0227925,35.0,0.068377627,white_not_hispanic_2017,0.50143593,0.569813557,14.33154357883362,34.61655354067471,33.07331239658258
37103,NC,Jones,Southeast,38873.0,0.207792208,0.623376623,0.0,32.1,0.0,white_not_hispanic_2017,0.311688312,0.311688312,17.72593937700796,35.71727894957396,32.35088699539042
31049,NE,Deuel,Northern Rockies and Plains,48546.0,1.070663812,1.070663812,0.0,32.8,0.0,white_not_hispanic_2017,0.535331906,1.605995717,10.13824884792627,29.3394777265745,39.78494623655914
13101,GA,Echols,Southeast,35892.0,0.0,0.753579503,0.0,31.6,0.0,white_not_hispanic_2017,0.0,0.251193168,23.14573238911666,47.03689899366381,21.9903093551994
39169,OH,Wayne,Ohio Valley,53605.0,0.240504372,0.274862139,0.0085894,33.8,0.068715535,white_not_hispanic_2017,0.661387023,0.498187628,13.20209664980458,39.06382756231782,25.18986183548357
18045,IN,Fountain,Ohio Valley,43571.0,0.182071979,0.667597257,0.0,33.6,0.0,white_not_hispanic_2017,0.424834618,0.788978576,11.27917026793431,44.33016421780466,30.39757994814175
18029,IN,Dearborn,Ohio Valley,63876.0,0.141497039,0.424491116,0.0202139,33.6,0.080855451,white_not_hispanic_2017,0.505346567,0.687271331,9.730746960046323,37.75911986103069,26.80081065431384
27105,MN,Nobles,Upper Midwest,56069.0,0.363372093,0.408793605,0.0454215,28.4,0.0454215,white_not_hispanic_2017,0.408793605,0.681322674,22.40993430077251,31.14576564868963,30.16388708396506
48309,TX,McLennan,South,46662.0,0.109100607,0.521258455,0.0161631,33.0,0.088896791,white_not_hispanic_2017,0.836437986,0.57782914,14.58152967475998,27.65703136104614,32.73721071470106
5113,AR,Polk,South,32941.0,0.148949903,0.744749516,0.04965,35.0,0.099299935,white_not_hispanic_2017,0.347549774,0.744749516,14.80239691824797,36.15351690683407,33.74233128834356
28153,MS,Wayne,South,35545.0,0.195599022,0.929095355,0.0488998,37.3,0.0,white_not_hispanic_2017,0.586797066,0.586797066,19.60546282245827,34.59028831562974,25.15933232169954
2164, AK,Lake and Peninsula Borough,,44310.0,1.248439451,1.248439451,0.0,34.2,0.0,native_2017,0.0,0.0,11.83844011142061,35.65459610027855,29.38718662952646
38007,ND,Billings,Northern Rockies and Plains,71697.0,0.0,1.049317943,0.0,33.2,0.0,white_not_hispanic_2017,0.0,5.246589717,7.849293563579278,38.14756671899529,27.78649921507064
8081,CO,Moffat,Southwest,54151.0,0.151964136,0.607856546,0.075982068,22.6,0.075982068,white_not_hispanic_2017,0.379910341,1.063748955,10.08270080435029,38.26894754729806,30.18012914920131
47097,TN,Lauderdale,Ohio Valley,38479.0,0.157790927,0.788954635,0.0394477,32.8,0.0,white_not_hispanic_2017,0.355029586,0.276134122,22.00430790159846,44.35438158938896,24.02788799455844
48377,TX,Presidio,South,32742.0,0.139547865,0.697739325,0.0,33.0,0.139547865,hispanic_2017,1.116382919,0.976835054,51.48022598870057,10.87005649717514,18.16949152542373
13191,GA,McIntosh,Southeast,40788.0,0.142126208,0.994883457,0.0,31.6,0.0,white_not_hispanic_2017,0.71063104,0.639567936,13.49808189847444,38.60290837719689,30.44874654295655
54031,WV,Hardy,Ohio Valley,40243.0,0.145655815,0.582623261,0.072827908,38.1,0.0,white_not_hispanic_2017,0.436967446,1.092418615,19.08025427095749,47.23877632101708,19.82518871672626
13211,GA,Morgan,Southeast,55347.0,0.0551846,0.993322664,0.0551846,31.6,0.0551846,white_not_hispanic_2017,1.158876442,1.103691849,11.26348920863309,36.62320143884892,27.93015587529976
8109,CO,Saguache,Southwest,33973.0,0.780396441,0.624317153,0.0,22.6,0.0,white_not_hispanic_2017,0.0,0.93647573,14.19564775269473,31.40126093146227,31.97071384990848
1097,AL,Mobile,Southeast,45233.0,0.134987899,0.60262455,0.024105,36.3,0.074725444,white_not_hispanic_2017,0.665297504,0.525488608,12.69751067746028,33.53884093711467,29.37543558676888
30081,MT,Ravalli,Northern Rockies and Plains,44851.0,0.286560321,0.334320374,0.0,25.3,0.14328016,white_not_hispanic_2017,0.477600535,0.907441016,8.284387588794244,29.34284572096313,33.98013469048864
37149,NC,Polk,Southeast,47185.0,0.146907595,0.391753587,0.0,32.1,0.097938397,white_not_hispanic_2017,0.391753587,0.881445571,8.406804917422079,25.9282255060226,32.97528871228113
39001,OH,Adams,Ohio Valley,38302.0,0.107789595,0.718597298,0.0359299,33.8,0.0,white_not_hispanic_2017,0.718597298,0.323368784,17.45320326918007,43.79119430529924,23.23226997099921
55129,WI,Washburn,Upper Midwest,46989.0,0.320307495,0.576553491,0.0,32.0,0.128122998,white_not_hispanic_2017,0.384368994,2.049967969,7.370718603089321,32.94157152451309,37.08025520483546
51775,VA,Salem,Southeast,57897.0,0.234861236,0.861157866,0.0391435,30.1,0.078287079,white_not_hispanic_2017,1.252593259,1.330880338,9.161849710982658,27.66473988439306,32.91329479768786
20093,KS,Kearny,South,59254.0,0.256410256,0.512820513,0.0,32.4,0.0,white_not_hispanic_2017,0.512820513,0.769230769,22.03237410071942,35.25179856115108,26.0341726618705
51049,VA,Cumberland,Southeast,42692.0,0.205296654,0.718538288,0.0,30.1,0.0,white_not_hispanic_2017,0.102648327,0.410593307,14.23262216104611,35.32002752924983,33.9022711631108
29071,MO,Franklin,Ohio Valley,55496.0,0.194639625,0.486599062,0.0291959,32.5,0.107051794,white_not_hispanic_2017,0.613114818,0.681238687,10.60075580749139,32.69978881849505,35.4298655107258
30089,MT,Sanders,Northern Rockies and Plains,38486.0,0.872143729,0.697714983,0.0,25.3,0.0,white_not_hispanic_2017,0.610500611,1.395429967,10.00550964187328,38.93112947658402,32.03305785123967
53011,WA,Clark,Northwest,68937.0,0.128880373,0.302868877,0.0343681,27.7,0.077328224,white_not_hispanic_2017,0.54559358,0.590701711,7.014235364123221,24.40518148944935,37.23928533284509
17027,IL,Clinton,Ohio Valley,61013.0,0.212964195,0.585651537,0.0266205,31.1,0.133102622,white_not_hispanic_2017,0.452548915,0.90509783,9.83190138214419,32.24878595442659,36.21964886066492
39123,OH,Ottawa,Ohio Valley,56569.0,0.172860847,0.518582541,0.0246944,33.8,0.0,white_not_hispanic_2017,0.839609828,1.50635881,7.976927866810868,36.19113164880542,31.91426605053584
47017,TN,Carroll,Ohio Valley,40392.0,0.21486893,0.823664231,0.0358115,32.8,0.071622977,white_not_hispanic_2017,0.42973786,0.716229767,12.82223832694896,42.83052075784243,25.59788798012216
21235,KY,Whitley,Ohio Valley,31985.0,0.249286763,0.470874997,0.0276985,34.3,0.0,white_not_hispanic_2017,0.830955876,0.609367643,18.95037424825856,37.99593302470471,23.09522779388223
17009,IL,Brown,Ohio Valley,51826.0,0.148279953,0.296559905,0.0,31.1,0.148279953,white_not_hispanic_2017,0.59311981,0.148279953,17.62634631317316,39.12593206296603,30.4059652029826
18171,IN,Warren,Ohio Valley,55466.0,0.244678248,0.61169562,0.0,33.6,0.0,white_not_hispanic_2017,0.0,0.489356496,6.837028261973262,41.05601624640379,33.60974784227449
12007,FL,Bradford,Southeast,43058.0,0.112241844,0.823106854,0.0374139,28.4,0.074827896,white_not_hispanic_2017,0.523795271,0.448967375,21.06094251171971,41.50012336540834,27.16012830002467
22091, LA,St. Helena Parish,,35519.0,0.383178465,0.862151547,0.0,36.2,0.0,white_not_hispanic_2017,0.095794616,0.095794616,20.92894664086259,40.33729610174178,22.26983688139342
39049,OH,Franklin,Ohio Valley,56090.0,0.209449149,0.370866726,0.0165355,33.8,0.113386005,white_not_hispanic_2017,0.895277,0.672442004,8.869807959182738,24.45245695913236,26.31446970078639
17005,IL,Bond,Ohio Valley,53631.0,0.0593789,0.593788967,0.0,31.1,0.0593789,white_not_hispanic_2017,0.534410071,0.534410071,10.0582721053965,33.15598344734397,35.0477155645638
29077,MO,Greene,Ohio Valley,42802.0,0.142419958,0.395996957,0.0312629,32.5,0.118104356,white_not_hispanic_2017,0.903150955,0.889256325,7.361074050238845,28.10121019008303,33.04870583434052
13003,GA,Atkinson,Southeast,33318.0,0.240384615,0.841346154,0.0,31.6,0.0,white_not_hispanic_2017,0.600961538,0.0,32.28495642288745,34.19856006062902,21.27699886320576
8023,CO,Costilla,Southwest,27211.0,0.539811066,1.079622132,0.0,22.6,0.0,hispanic_2017,0.0,1.079622132,15.20172910662824,25.86455331412104,35.05043227665706
39035,OH,Cuyahoga,Ohio Valley,46703.0,0.22497834,0.458732431,0.0087758,33.8,0.117275943,white_not_hispanic_2017,0.895924382,0.79619994,9.496183834269374,27.7048603253627,29.34584587673521
47085,TN,Humphreys,Ohio Valley,44000.0,0.163212012,0.761656058,0.054404,32.8,0.0,white_not_hispanic_2017,0.707252054,1.033676079,15.78664620107445,46.86876438986953,22.59401381427475
29027,MO,Callaway,Ohio Valley,53186.0,0.08873705,0.576790825,0.0221843,32.5,0.066552787,white_not_hispanic_2017,0.465869512,0.554606562,11.78831526136915,35.49117980255705,29.26687166208125
42103,PA,Pike,Northeast,60082.0,0.14495117,0.489210197,0.0181189,31.6,0.0362378,white_not_hispanic_2017,0.416734613,0.652280263,7.578451631505599,33.80027872555144,31.56566870104282
18151,IN,Steuben,Ohio Valley,54071.0,0.203559381,0.639758055,0.0581598,33.6,0.0290799,white_not_hispanic_2017,0.55251832,1.192276375,8.631051752921536,39.29465776293823,29.61602671118531
48233,TX,Hutchinson,South,53936.0,0.185442745,0.556328234,0.0,33.0,0.092721372,white_not_hispanic_2017,0.60268892,0.649049606,13.84450017914726,33.67968470082408,37.07631673235399
28151,MS,Washington,South,30187.0,0.233095294,1.038333581,0.0211905,37.3,0.063571444,black_2017,0.805238287,0.529762031,18.37958727254244,32.0253464809732,29.13151028430077
2195,AK,Petersburg,,60540.0,0.0,0.0,0.0,34.2,0.0,white_not_hispanic_2017,0.0,0.0,10.7933950865888,33.66894885219492,30.00402738622634
17043,IL,DuPage,Ohio Valley,84999.0,0.175051791,0.31788546,0.0150351,31.1,0.169682104,white_not_hispanic_2017,0.939695195,0.77860459,6.730568246289827,18.18256112376256,24.78724357251635
28035,MS,Forrest,South,36709.0,0.158652511,0.965136111,0.0264421,37.3,0.132210426,white_not_hispanic_2017,1.018020281,0.832925685,11.49089513412086,25.93714017655337,34.85223250458442
31029,NE,Chase,Northern Rockies and Plains,51695.0,1.011633789,0.505816894,0.0,32.8,0.0,white_not_hispanic_2017,0.252908447,0.505816894,11.00533130236101,26.1995430312262,40.5940594059406
22015, LA,Bossier Parish,,50048.0,0.134651332,0.39603333,0.023762,36.2,0.095047999,white_not_hispanic_2017,0.871273326,0.633653328,9.932719967667545,27.90576040700853,36.73537313078002
31095,NE,Jefferson,Northern Rockies and Plains,47750.0,0.278629145,0.417943717,0.139314572,32.8,0.0,white_not_hispanic_2017,0.696572862,1.114516578,9.554140127388536,37.83053464582127,34.31769928585216
31185,NE,York,Northern Rockies and Plains,53960.0,0.29067655,0.436014825,0.072669137,32.8,0.072669137,white_not_hispanic_2017,0.872029649,0.944698786,5.742402941494539,26.7221801665405,40.14274899967557
6075,CA,San Francisco,West,101873.0,0.408627753,0.12783885,0.00114142,25.1,0.162081399,white_not_hispanic_2017,1.093478735,2.188098888,11.44772637548003,11.58324659943294,18.20421347306464
13283,GA,Treutlen,Southeast,32100.0,0.29730935,1.486546752,0.0,31.6,0.0,white_not_hispanic_2017,0.29730935,0.29730935,23.60865724381626,41.03356890459364,19.05918727915194
1015,AL,Calhoun,Southeast,41778.0,0.234823448,0.730561837,0.0347887,36.3,0.0608802,white_not_hispanic_2017,0.826230649,0.652287354,14.92648827991439,34.44856712297542,31.76896678359314
48321,TX,Matagorda,South,46324.0,0.10776733,0.646603982,0.0269418,33.0,0.10776733,white_not_hispanic_2017,0.646603982,0.754371312,17.92339295347968,29.88338797360667,32.66381707266465
48361,TX,Orange,South,53611.0,0.141998391,0.674492356,0.0118332,33.0,0.059166,white_not_hispanic_2017,0.650825957,0.437828371,11.60957866020006,36.81507765276466,35.5829752331366
48013,TX,Atascosa,South,53622.0,0.12328936,0.719187934,0.0205482,33.0,0.0410965,hispanic_2017,0.410964534,0.534253894,21.03706010588602,39.67299906571161,23.9769542198692
48033,TX,Borden,South,60306.0,0.0,1.515151515,0.0,33.0,0.0,white_not_hispanic_2017,0.0,0.0,6.682027649769585,20.96774193548387,27.1889400921659
42083,PA,McKean,Northeast,43082.0,0.289031264,0.602148466,0.0240859,31.6,0.0481719,white_not_hispanic_2017,0.674406282,0.746664097,8.221241058287983,46.82205565253106,26.00198514563439
18121,IN,Parke,Ohio Valley,47599.0,0.0589727,0.530754261,0.0,33.6,0.0589727,white_not_hispanic_2017,0.294863478,0.648699652,16.2130376344086,38.81048387096774,32.51008064516129
47009,TN,Blount,Ohio Valley,51233.0,0.116964536,0.553632139,0.0155953,32.8,0.0545835,white_not_hispanic_2017,0.499048688,0.577025046,10.57796819433745,35.36506864493526,29.43976024397708
46125,SD,Turner,Northern Rockies and Plains,58802.0,0.362844702,1.088534107,0.0,31.9,0.0,white_not_hispanic_2017,0.120948234,1.088534107,7.244367417677642,32.09705372616985,34.40207972270364
51003,VA,Albemarle,Southeast,73132.0,0.178539547,0.488634548,0.0281905,30.1,0.150349092,white_not_hispanic_2017,0.545015458,0.704761368,7.331545151589043,14.54387818689209,19.38551572787125
1119,AL,Sumter,Southeast,26814.0,0.154655119,1.546551191,0.0,36.3,0.07732756,black_2017,0.618620476,0.463965357,14.73161812720387,34.55661486221758,32.29724435157372
47127,TN,Moore,Ohio Valley,54922.0,0.158906722,0.476720165,0.0,32.8,0.0,white_not_hispanic_2017,0.317813444,0.794533609,13.58870104857693,42.1142734859833,24.93045153006634
5063,AR,Independence,South,42520.0,0.188709764,0.512212218,0.0269585,35.0,0.107834151,white_not_hispanic_2017,0.647004906,0.620046369,14.44607512593709,36.96799016302408,30.08210701677839
17087,IL,Johnson,Ohio Valley,48359.0,0.154309081,0.540081784,0.0,31.1,0.077154541,white_not_hispanic_2017,0.308618162,0.540081784,17.74669435034422,32.83794120861108,33.3734018140094
48209,TX,Hays,South,64864.0,0.0489368,0.327876875,0.0195747,33.0,0.117448433,white_not_hispanic_2017,0.709584281,0.606816903,9.633983038238357,22.82398452611218,28.96518375241779
34005,NJ,Burlington,Northeast,80081.0,0.153900371,0.303339861,0.00669132,27.3,0.14943949,white_not_hispanic_2017,0.709279969,0.611140602,6.251839101917096,27.90688844521928,27.37944192551202
36113,NY,Warren,Northeast,55769.0,0.418481378,0.712968273,0.0309986,25.7,0.170492413,white_not_hispanic_2017,1.022954479,2.20090206,7.903665618950479,29.51229158427176,30.32826127682605
31147,NE,Richardson,Northern Rockies and Plains,45256.0,0.250062516,0.500125031,0.0,32.8,0.0,white_not_hispanic_2017,0.625156289,1.500375094,7.028252528775723,38.12347401464946,36.0655737704918
37181,NC,Vance,Southeast,34717.0,0.247602755,1.14797641,0.0225093,32.1,0.090037366,white_not_hispanic_2017,0.630261559,0.450186828,16.92735949098621,34.83231707317074,30.71646341463415
25013,MA,Hampden,Northeast,51589.0,0.221746982,0.522384718,0.0085287,25.9,0.098080396,white_not_hispanic_2017,0.611936384,0.720677693,14.21346886114573,30.04109154719564,28.29886017259078
48047,TX,Brooks,South,27703.0,0.137684153,0.275368305,0.0,33.0,0.0,hispanic_2017,0.826104915,0.688420763,32.93721973094171,26.16591928251121,24.5067264573991
19113,IA,Linn,Upper Midwest,64625.0,0.1306895,0.387561965,0.0270392,36.4,0.121676431,white_not_hispanic_2017,0.748084723,0.829202343,5.394441058309249,26.35090409809743,34.16501182962715
2198,AK,Prince of Wales-Hyder,,48888.0,0.0,0.0,0.0,34.2,0.0,white_not_hispanic_2017,0.0,0.0,8.725886047554958,38.13369223867205,35.93539703903095
38061,ND,Mountrail,Northern Rockies and Plains,63736.0,0.585651537,0.390434358,0.0,33.2,0.195217179,white_not_hispanic_2017,0.488042948,0.976085896,10.08671839342766,33.22683706070288,35.23505248744866
27071,MN,Koochiching,Upper Midwest,49393.0,0.396259312,0.951022349,0.0,28.4,0.237755587,white_not_hispanic_2017,0.634014899,1.188777936,7.270189003436426,35.82474226804123,41.84922680412371
6067,CA,Sacramento,West,59728.0,0.181726868,0.25375679,0.0145381,25.1,0.097802096,white_not_hispanic_2017,0.710386847,0.648269299,12.06086658089948,22.11920999603119,34.37132717369006
8073,CO,Lincoln,Southwest,42969.0,0.359582884,1.078748652,0.0,22.6,0.0,white_not_hispanic_2017,0.539374326,1.078748652,9.950011901928113,54.9631040228517,22.44703641990002
55039,WI,Fond du Lac,Upper Midwest,58920.0,0.12718912,0.420702475,0.0097838,32.0,0.117405342,white_not_hispanic_2017,0.606594267,0.71421583,7.683198662580105,35.70493173585957,32.73335190860964
51095,VA,James City,Southeast,84035.0,0.148510173,0.270018496,0.0,30.1,0.189012947,white_not_hispanic_2017,0.472532368,0.715549015,4.555037027694193,17.75167120128291,26.71759851528856
35017,NM,Grant,Southwest,39750.0,0.178361217,0.463739165,0.0356722,28.4,0.0356722,hispanic_2017,0.713444869,0.927478329,12.58580089182825,28.33308281978055,33.45357983866927
48305,TX,Lynn,South,39869.0,0.172562554,0.345125108,0.0,33.0,0.0,white_not_hispanic_2017,0.517687662,0.345125108,21.26288659793815,29.48453608247423,28.50515463917526
28011,MS,Bolivar,South,29633.0,0.214500215,0.888643746,0.0306429,37.3,0.183857327,white_not_hispanic_2017,0.643500644,0.796715082,19.30393747234921,24.43100820921201,30.88040112077864
50023,VT,Washington,Northeast,55803.0,0.428338902,0.839544247,0.0,27.6,0.205602673,white_not_hispanic_2017,0.668208687,1.096547588,5.787025938533826,25.57654504482907,24.93886944431126
20009,KS,Barton,South,47194.0,0.148638103,0.44591431,0.0371595,32.4,0.148638103,white_not_hispanic_2017,0.631711939,0.928988146,11.28435221536736,30.75715086932137,36.64610207515423
13039,GA,Camden,Southeast,53130.0,0.09539072,0.705891331,0.0190781,31.6,0.0381563,white_not_hispanic_2017,0.724969475,0.705891331,8.231892438918607,31.9358103223941,37.33699580743097
24003,MD,Anne Arundel,Northeast,95297.0,0.165226501,0.351545747,0.0175773,31.3,0.126556469,white_not_hispanic_2017,0.864802537,0.683756477,6.793321674362426,22.70681043268203,27.49889910796291
49045,UT,Tooele,Southwest,64675.0,0.077400579,0.309602316,0.0154801,25.3,0.0464403,white_not_hispanic_2017,0.417963126,0.356042663,7.936390714619797,31.93018733229944,37.06028604485144
47189,TN,Wilson,Ohio Valley,70955.0,0.135917785,0.445508295,0.015102,32.8,0.07550988,white_not_hispanic_2017,0.687139912,0.634282996,7.97015975498717,28.12681069447893,29.14700769803824
37121,NC,Mitchell,Southeast,42530.0,0.066365808,0.331829042,0.066365808,32.1,0.0,white_not_hispanic_2017,0.530926467,1.19458455,13.68892873151053,30.30927835051546,33.91304347826087
12093,FL,Okeechobee,Southeast,37689.0,0.221146522,0.761726909,0.0245718,28.4,0.0491437,white_not_hispanic_2017,0.344005701,0.63886773,20.24556524098633,38.76132008275955,26.67299799884679
13237,GA,Putnam,Southeast,44785.0,0.139224058,0.974568405,0.046408,31.6,0.092816039,white_not_hispanic_2017,0.324856135,0.742528309,12.34892604421066,36.8088170830985,27.35299643058426
17019,IL,Champaign,Ohio Valley,51032.0,0.181586203,0.344058069,0.0334501,31.1,0.10035027,white_not_hispanic_2017,0.879259511,0.884038095,5.106556707765167,21.89025883889932,27.96439944476198
20063,KS,Gove,South,51445.0,0.760456274,0.760456274,0.0,32.4,0.380228137,white_not_hispanic_2017,1.140684411,0.760456274,6.369426751592357,38.53503184713376,35.19108280254777
13165,GA,Jenkins,Southeast,30611.0,0.114025086,0.570125428,0.0,31.6,0.0,white_not_hispanic_2017,0.798175599,0.456100342,21.85946304275771,47.05004971826317,25.87006960556845
13277,GA,Tift,Southeast,39982.0,0.196801968,1.2300123,0.0246002,31.6,0.098400984,white_not_hispanic_2017,1.057810578,0.73800738,16.80607485641599,34.00917395829318,31.91997841421578
24021,MD,Frederick,Northeast,89541.0,0.141196784,0.266256793,0.0161368,31.3,0.129094202,white_not_hispanic_2017,0.766496827,0.673710369,7.436544880933976,23.78743894967678,27.09403324343977
6041,CA,Marin,West,103488.0,0.267653671,0.160592203,0.00382362,25.1,0.271477295,white_not_hispanic_2017,0.722664913,1.196794274,6.371028277769904,10.25390676262316,23.21643228715558
20015,KS,Butler,South,60836.0,0.075021006,0.345096627,0.0150042,32.4,0.0300084,white_not_hispanic_2017,0.780218461,0.450126035,7.086900247507891,28.06603238039011,34.40586752651059
21047,KY,Christian,Ohio Valley,41081.0,0.167282359,0.460026486,0.0278804,34.3,0.097581376,white_not_hispanic_2017,0.697009828,0.543667666,13.36932672632695,29.86465498114045,38.01987032517319
13225,GA,Peach,Southeast,44330.0,0.185880516,1.152459199,0.0,31.6,0.074352206,white_not_hispanic_2017,0.855050374,0.446113238,15.60410164957646,31.65960766830138,30.72336156932679
40101,OK,Muskogee,South,40581.0,0.202763375,0.506908438,0.0144831,36.5,0.0434493,white_not_hispanic_2017,0.796570402,0.608290125,13.78954984980376,34.54732826101257,31.87887824237507
13265,GA,Taliaferro,Southeast,30133.0,0.0,1.84501845,0.0,31.6,0.0,white_not_hispanic_2017,0.0,0.61500615,22.15139442231076,50.2788844621514,21.83266932270917
22001, LA,Acadia Parish,,40218.0,0.302547771,0.652866242,0.0159236,36.2,0.159235669,white_not_hispanic_2017,0.50955414,0.334394904,19.25383559334281,42.44321876731135,23.10508441918158
48507,TX,Zavala,South,25507.0,0.082706145,0.661649161,0.0,33.0,0.0,hispanic_2017,0.248118435,0.661649161,24.27827066610337,35.00915364033234,28.34811998310097
18049,IN,Fulton,Ohio Valley,46662.0,0.198639321,0.446938471,0.0496598,33.6,0.0,white_not_hispanic_2017,0.695237622,1.092516264,13.09661556262655,39.86115128724327,32.50650853341048
5019,AR,Clark,South,37247.0,0.088691796,0.44345898,0.0443459,35.0,0.088691796,white_not_hispanic_2017,1.019955654,0.44345898,11.06337271750806,32.55332208071199,31.21067976062605
48271,TX,Kinney,South,40612.0,0.274725275,0.549450549,0.0,33.0,0.0,hispanic_2017,0.824175824,0.549450549,19.00797780090184,27.85293097467915,34.37391605966008
30047,MT,Lake,Northern Rockies and Plains,40888.0,0.269260543,0.538521086,0.0,25.3,0.0336576,white_not_hispanic_2017,0.63949379,0.63949379,6.983945500452575,26.14453813539136,35.51045686246487
54083,WV,Randolph,Ohio Valley,38549.0,0.172640011,0.656032042,0.034528,38.1,0.069056004,white_not_hispanic_2017,0.483392031,0.828672053,13.14553990610329,50.33055475711411,20.79620580626617
31183,NE,Wheeler,Northern Rockies and Plains,46838.0,0.0,2.490660025,0.0,32.8,0.0,white_not_hispanic_2017,0.0,2.490660025,4.436860068259386,26.62116040955632,43.85665529010239
40015,OK,Caddo,South,40296.0,0.135400447,0.744702458,0.0338501,36.5,0.0,white_not_hispanic_2017,0.338501117,0.609302011,14.66436478115162,42.06357266172439,28.10500660099522
8123,CO,Weld,Southwest,63609.0,0.108753649,0.261688468,0.0135942,22.6,0.078166685,white_not_hispanic_2017,0.543768246,0.543768246,12.59654591076609,27.1980122324159,32.61634517368462
6043,CA,Mariposa,West,51233.0,0.285322986,0.342387583,0.0,25.1,0.114129194,white_not_hispanic_2017,0.456516777,0.741839763,9.060822240200043,22.60057365595352,41.42825623299257
18095,IN,Madison,Ohio Valley,45853.0,0.139184226,0.417552677,0.0154649,33.6,0.0541272,white_not_hispanic_2017,0.595399188,0.64179393,10.85583889048896,40.07023063118949,30.82282827835257
13133,GA,Greene,Southeast,47194.0,0.354212173,1.121671881,0.0,31.6,0.0,white_not_hispanic_2017,0.354212173,1.003601157,13.04610276918434,30.81566437787671,25.60175054704595
35033,NM,Mora,Southwest,34602.0,0.219925225,0.879700902,0.0,28.4,0.0,hispanic_2017,0.0,0.219925225,8.508256367198433,39.07080884410859,34.84466834592779
12065,FL,Jefferson,Southeast,43453.0,0.215316156,1.291896935,0.0,28.4,0.0,white_not_hispanic_2017,0.430632312,0.071772052,17.40198308014191,34.45829164013463,24.80669516965342
48001,TX,Anderson,South,43967.0,0.0521213,0.538587164,0.0173738,33.0,0.0347476,white_not_hispanic_2017,0.399596928,0.434344487,17.50378000378,39.02853902853903,32.16310716310716
38049,ND,McHenry,Northern Rockies and Plains,53719.0,0.501002004,0.334001336,0.0,33.2,0.0,white_not_hispanic_2017,0.0,0.668002672,9.635036496350365,31.19221411192214,38.75912408759124
53039,WA,Klickitat,Northwest,50691.0,0.375481085,0.610156763,0.0,27.7,0.0469351,white_not_hispanic_2017,0.328545949,0.938702713,11.20563928050559,25.74744773942635,32.57778317938746
27057,MN,Hubbard,Upper Midwest,49129.0,0.193059511,0.675708287,0.0482649,28.4,0.096529755,white_not_hispanic_2017,0.386119021,1.013562431,6.242774566473988,29.46692357096981,35.90879897238279
5049,AR,Fulton,South,33451.0,0.083063377,0.664507019,0.0,35.0,0.083063377,white_not_hispanic_2017,0.332253509,0.332253509,15.57139674760526,36.77879260414346,34.49543328135442
17147,IL,Piatt,Ohio Valley,65797.0,0.181532131,0.423574973,0.0,31.1,0.121021421,white_not_hispanic_2017,0.363064262,0.544596394,6.200880905086795,33.241212539943,30.73667846964332
13145,GA,Harris,Southeast,70724.0,0.118987417,0.594937085,0.0,31.6,0.0297469,white_not_hispanic_2017,0.20822798,0.505696523,6.374534593510904,25.86637207970214,35.35043574321836
2060,AK,Bristol Bay,,68026.0,2.209944751,0.0,0.0,34.2,0.0,white_not_hispanic_2017,0.0,2.209944751,6.23885918003565,29.94652406417112,37.96791443850267
22041,LA,Franklin,South,31873.0,0.098212532,0.933019053,0.0491063,36.2,0.0491063,white_not_hispanic_2017,0.589275192,0.294637596,23.75418994413408,41.42271880819367,21.61638733705773
51770,VA,Roanoke,Southeast,38238.0,0.280721454,0.561442908,0.0501288,30.1,0.140360727,white_not_hispanic_2017,0.912344726,1.27327231,12.33381088825215,35.24212034383954,27.65186246418338
47063,TN,Hamblen,Ohio Valley,42047.0,0.219721581,0.627775947,0.0313888,32.8,0.062777595,white_not_hispanic_2017,0.863191927,0.533609555,17.04832311575911,38.34069599711503,26.53939776415434
17201,IL,Winnebago,Ohio Valley,50296.0,0.202734823,0.426442214,0.024468,31.1,0.125835407,white_not_hispanic_2017,0.74452616,0.730544448,12.18509528482157,30.80359448432577,34.02416980839746
39051,OH,Fulton,Ohio Valley,56504.0,0.165386887,0.472533963,0.0236267,33.8,0.070880095,white_not_hispanic_2017,0.590667454,0.732427643,7.322821001559523,42.56801247617397,33.06186102928435
1087,AL,Macon,Southeast,30681.0,0.209731544,0.681627517,0.0,36.3,0.0,black_2017,0.471895973,0.157298658,16.43479718404291,30.60677170633591,32.48407643312102
19135,IA,Monroe,Upper Midwest,49402.0,0.25467974,0.636699351,0.0,36.4,0.0,white_not_hispanic_2017,0.38201961,1.146058831,10.16886249768046,38.76414919280015,31.15605863796623
50009,VT,Essex,Northeast,40813.0,0.16025641,0.641025641,0.0,27.6,0.0,white_not_hispanic_2017,0.320512821,0.801282051,11.62105263157895,43.76842105263158,26.16842105263158
48097,TX,Cooke,South,59243.0,0.127408011,0.840892875,0.0254816,33.0,0.0509632,white_not_hispanic_2017,0.509632046,0.713484864,12.60733517683016,30.82884587396303,34.79842817639354
38069,ND,Pierce,Northern Rockies and Plains,44291.0,0.237360551,0.474721101,0.0,33.2,0.237360551,white_not_hispanic_2017,0.712081652,2.136244956,5.530897917377945,32.05872311369068,34.51689996585866
22101,LA,St. Mary,South,37822.0,0.229999617,0.68999885,0.0191666,36.2,0.0383333,white_not_hispanic_2017,0.709165485,0.651665581,17.95458546030629,51.07082086487122,21.17878307809658
34037,NJ,Sussex,Northeast,87549.0,0.189755988,0.323287979,0.0,27.3,0.140559991,white_not_hispanic_2017,0.527099966,0.822275947,4.611194682869756,30.35817872557984,28.43406188242928
41005,OR,Clackamas,Northwest,74460.0,0.142618275,0.265565063,0.0319662,29.4,0.122946789,white_not_hispanic_2017,0.599980329,0.808989869,6.297600412890608,21.35554431273747,34.35209110757226
38009,ND,Bottineau,Northern Rockies and Plains,54444.0,0.0,0.75999392,0.151998784,33.2,0.0,white_not_hispanic_2017,0.455996352,1.975984192,6.068069861173309,28.32512315270936,40.55082848186296
47029,TN,Cocke,Ohio Valley,31965.0,0.170648464,0.910125142,0.0284414,32.8,0.0284414,white_not_hispanic_2017,0.42662116,0.711035267,18.24003067484663,48.08282208588957,22.38113496932515
56005,WY,Campbell,Northern Rockies and Plains,79148.0,0.102459016,0.368852459,0.0204918,28.8,0.102459016,white_not_hispanic_2017,0.594262295,0.676229508,6.74547983310153,35.82025299688721,37.68461487515729
36029,NY,Erie,Northeast,54175.0,0.336902404,0.380233903,0.0097496,25.7,0.128911209,white_not_hispanic_2017,0.808132456,0.898045316,7.953931672206842,26.83635959592218,30.09564903378735
31087,NE,Hitchcock,Northern Rockies and Plains,43502.0,0.70323488,1.054852321,0.0,32.8,0.0,white_not_hispanic_2017,0.0,1.054852321,6.54490106544901,31.15169964485033,46.5246067985794
36091,NY,Saratoga,Northeast,75904.0,0.123044472,0.426261206,0.0131833,25.7,0.149411144,white_not_hispanic_2017,0.698716822,1.063455792,6.265130417371995,24.28086908510651,27.44377097022759
36057,NY,Montgomery,Northeast,42193.0,0.223277717,0.629237202,0.020298,25.7,0.0405959,white_not_hispanic_2017,0.690131125,0.852514919,12.17208200508876,35.089053315006,34.08299944433071
37133,NC,Onslow,Southeast,47163.0,0.104058814,0.374611731,0.0208118,32.1,0.0624353,white_not_hispanic_2017,0.790846987,0.567120537,7.676854911384801,29.3030940222289,39.44315109642535
9007,CT,Middlesex,Northeast,80190.0,0.189680175,0.37936035,0.0,26.9,0.159086598,white_not_hispanic_2017,0.642465108,1.125843618,5.29484963128137,24.9500998003992,27.04131485982011
18133,IN,Putnam,Ohio Valley,50896.0,0.080504495,0.456192137,0.0268348,33.6,0.0,white_not_hispanic_2017,0.563531464,0.563531464,11.07956817273091,41.77528988404638,30.26789284286285
50021,VT,Rutland,Northeast,50569.0,0.337997702,1.03089299,0.0,27.6,0.152098966,white_not_hispanic_2017,0.760494829,1.301291151,6.281754114865024,33.60258481421648,27.92957317786987
5139,AR,Union,South,41546.0,0.150500414,0.802668874,0.0250834,35.0,0.0250834,white_not_hispanic_2017,0.702335265,0.677251862,13.60964581763376,34.67596081386586,30.50866616428033
51105,VA,Lee,Southeast,32466.0,0.249469877,0.956301193,0.0415783,30.1,0.0,white_not_hispanic_2017,0.249469877,0.415783128,20.97593657528893,35.0287532801072,34.38110658254704
19079,IA,Hamilton,Upper Midwest,58920.0,0.264900662,0.59602649,0.0,36.4,0.0,white_not_hispanic_2017,0.198675497,0.662251656,6.357061286638752,31.95660449181576,37.64750666159117
8017,CO,Cheyenne,Southwest,50558.0,1.090512541,0.54525627,0.0,22.6,0.0,white_not_hispanic_2017,0.0,0.54525627,5.270972531551596,27.91388270230141,43.35560504825538
31069,NE,Garden,Northern Rockies and Plains,38701.0,0.523286238,1.046572475,0.0,32.8,0.0,white_not_hispanic_2017,0.0,1.046572475,5.647382920110193,32.09366391184573,39.11845730027548
30083,MT,Richland,Northern Rockies and Plains,65277.0,0.262973352,0.525946704,0.0,25.3,0.087657784,white_not_hispanic_2017,0.964235624,1.31486676,5.77027027027027,38.27027027027027,37.44594594594594
21051,KY,Clay,Ohio Valley,24901.0,0.193395542,0.483488856,0.0,34.3,0.0,white_not_hispanic_2017,0.531837741,0.290093313,33.3981661572659,37.69797165879411,19.42900805779383
20143,KS,Ottawa,South,52808.0,0.168947457,0.506842372,0.0,32.4,0.0,white_not_hispanic_2017,0.168947457,0.844737287,5.05521472392638,34.47852760736196,36.5398773006135
36079,NY,Putnam,Northeast,96267.0,0.272432825,0.484325022,0.0,25.7,0.171531779,white_not_hispanic_2017,0.797118266,0.97874015,7.025546156779122,26.3680397667095,25.71985369917953
47141,TN,Putnam,Ohio Valley,40479.0,0.22332278,0.669968341,0.0394099,32.8,0.131366341,white_not_hispanic_2017,0.893291121,0.801334682,11.82024316822393,37.57574572891825,24.18194612768287
42129,PA,Westmoreland,Northeast,56544.0,0.143747816,0.355141662,0.0197301,31.6,0.129654892,white_not_hispanic_2017,0.70182757,0.77511077,5.172440297302907,35.88118644458621,28.67612583875852
35051,NM,Sierra,Southwest,30467.0,0.179629962,0.718519849,0.089814981,28.4,0.0,white_not_hispanic_2017,0.538889887,1.257409736,11.48702708881015,29.70625214310207,36.74705680649217
2170,AK,Matanuska-Susitna,,71793.0,0.09604026,0.163268442,0.0288121,34.2,0.067228182,white_not_hispanic_2017,0.345744936,0.518617404,6.440944881889764,33.93414459556192,37.72512526843235
35041,NM,Roosevelt,Southwest,37122.0,0.0524054,0.419243266,0.0524054,28.4,0.0524054,white_not_hispanic_2017,0.524054082,0.471648674,18.99549259497746,31.81859994480729,27.31119492227026
54081,WV,Raleigh,Ohio Valley,42282.0,0.170471682,0.60320749,0.0393396,38.1,0.0524528,white_not_hispanic_2017,0.642547109,0.563867871,12.48737232012571,38.78474950424664,28.85845773936469
21079,KY,Garrard,Ohio Valley,46967.0,0.0574779,0.57477871,0.0,34.3,0.0,white_not_hispanic_2017,0.229911484,0.287389355,16.1484771573604,36.46097715736041,27.30805837563452
12086,FL,Miami-Dade,Southeast,45886.0,0.235333412,0.32668955,0.009501,28.4,0.10597312,hispanic_2017,0.617567493,0.796990948,18.16068093467037,26.75673865398785,24.43236838511668
8033,CO,Dolores,Southwest,46791.0,0.484966052,0.484966052,0.0,22.6,0.0,white_not_hispanic_2017,0.0,1.454898157,4.510800508259212,36.91232528589581,32.46505717916137
12063,FL,Jackson,Southeast,37358.0,0.144951545,0.559098816,0.0207074,28.4,0.0414147,white_not_hispanic_2017,0.579806179,0.621220906,17.80865081638499,38.29561730163277,30.9538814093383
54107,WV,Wood,Ohio Valley,46737.0,0.128327772,0.51331109,0.0349985,38.1,0.116661611,white_not_hispanic_2017,0.944959052,0.688303507,9.051373557971615,33.88496970702963,35.10000829944394
38077,ND,Richland,Northern Rockies and Plains,59556.0,0.061207,0.612070021,0.061207,33.2,0.061207,white_not_hispanic_2017,0.734484025,0.428449015,7.898743814236772,25.78035782261134,44.09973353635326
51570, VA,Colonial Heights city,,52673.0,0.226731663,0.793560821,0.113365832,30.1,0.113365832,white_not_hispanic_2017,2.097267883,1.983902052,8.175531039025193,30.99785937757286,34.21702618145891
22099, LA,St. Martin Parish,,46560.0,0.260179524,0.576111803,0.0185843,36.2,0.0371685,white_not_hispanic_2017,0.464606293,0.464606293,16.76209443199735,44.97552070367604,23.28437474068542
48083,TX,Coleman,South,42258.0,0.356252227,0.712504453,0.0,33.0,0.118750742,white_not_hispanic_2017,0.831255195,1.06875668,13.52472618652506,36.11018918021905,33.50481247925656
4023,AZ,Santa Cruz,Southwest,39090.0,0.217037439,0.347259902,0.0217037,29.5,0.0434075,hispanic_2017,0.520889853,0.846446012,22.14095520577033,27.49671374161583,29.43476355792241
28077,MS,Lawrence,South,42291.0,0.312426775,0.702960244,0.0,37.3,0.0,white_not_hispanic_2017,0.390533469,0.234320081,15.30315372978005,37.62364715466077,29.36110787850576
42055,PA,Franklin,Northeast,59474.0,0.20187023,0.332109088,0.0195358,31.6,0.123726915,white_not_hispanic_2017,0.631658462,0.631658462,11.23988870667576,43.44401245600781,23.08507305927659
41035,OR,Klamath,Northwest,44678.0,0.241389195,0.437517916,0.0452605,29.4,0.075434123,white_not_hispanic_2017,0.648733461,1.040990903,12.32268384055226,31.59700298859284,34.85919939386286
20057,KS,Ford,South,47175.0,0.173908003,0.434770007,0.0289847,32.4,0.0579693,hispanic_2017,0.579693342,0.811570679,26.04089311352047,25.51611465914154,31.42234764097233
12131,FL,Walton,Southeast,54686.0,0.137530562,0.550122249,0.0305623,28.4,0.137530562,white_not_hispanic_2017,0.702933985,1.726772616,10.68578100178001,28.87821310314468,30.3998315692767
28027,MS,Coahoma,South,26815.0,0.293870697,0.839630563,0.0419815,37.3,0.0419815,black_2017,0.629722922,0.67170445,19.18824352694192,26.22813156053184,36.85094471658503
46065,SD,Hughes,Northern Rockies and Plains,63468.0,0.11378506,0.68271036,0.0568925,31.9,0.17067759,white_not_hispanic_2017,0.79649542,0.79649542,4.37962202136401,27.68282662284306,31.32292522596549
45031,SC,Darlington,Southeast,37711.0,0.178120825,0.801543714,0.0296868,34.1,0.0593736,white_not_hispanic_2017,0.474988867,0.534362476,16.92796747615855,36.78610816772268,28.67893519019094
1049,AL,DeKalb,Southeast,37128.0,0.224668614,0.702089418,0.0140418,36.3,0.0421254,white_not_hispanic_2017,0.561671534,0.449337228,21.97449592183166,32.72678342234919,31.31909079617439
48465,TX,Val Verde,South,42104.0,0.0612833,0.285988601,0.0204278,33.0,0.0408555,hispanic_2017,0.796682532,0.449410659,29.98283810613454,24.52131776424269,26.37547531715853
38013,ND,Burke,Northern Rockies and Plains,63787.0,0.898069151,0.898069151,0.0,33.2,0.0,white_not_hispanic_2017,0.0,1.347103727,6.278613472858077,27.92674950948332,44.14650098103336
51077,VA,Grayson,Southeast,36113.0,0.063015943,0.756191316,0.0,30.1,0.0,white_not_hispanic_2017,0.126031886,0.378095658,16.93245386991734,36.72038072973199,30.30809050680471
6031,CA,Kings,West,51320.0,0.186919631,0.287055148,0.0133514,25.1,0.0467299,hispanic_2017,0.594137399,0.30040655,26.02997455797148,26.25553203771406,32.67590276441537
26051,MI,Gladwin,Upper Midwest,41251.0,0.198854598,0.79541839,0.0,32.3,0.0397709,white_not_hispanic_2017,0.318167356,0.83518931,12.2850642823131,39.28363578646633,34.1304692873393
22035,LA,East Carroll,South,25810.0,0.413850186,0.413850186,0.0,36.2,0.0,black_2017,0.275900124,0.551800248,29.06598513011153,41.28717472118959,20.35315985130111
40091,OK,McIntosh,South,36903.0,0.354268941,0.657928033,0.0506098,36.5,0.0,white_not_hispanic_2017,0.404878789,0.657928033,12.53032088155797,41.71460253655832,32.61487282555964
26061,MI,Houghton,Upper Midwest,38603.0,0.220464629,0.358255022,0.0275581,32.3,0.082674236,white_not_hispanic_2017,0.633835809,1.01964891,7.169918545179012,30.59291532487213,28.62284523584012
39165,OH,Warren,Ohio Valley,81543.0,0.128048888,0.317914481,0.0264929,33.8,0.11921793,white_not_hispanic_2017,0.587258694,0.582843215,5.9239791015712,25.73039499557722,24.63901846112727
19183,IA,Washington,Upper Midwest,57315.0,0.180921797,0.587995839,0.0452304,36.4,0.0452304,white_not_hispanic_2017,0.361843593,0.949839432,8.383313341330133,39.69079035052646,29.95468479274956
51107,VA,Loudoun,Southeast,134609.0,0.150150539,0.191571377,0.0155328,30.1,0.132028922,white_not_hispanic_2017,0.696387844,0.776640718,6.082649566756303,12.37904801305477,19.92154879833291
48243,TX,Jeff Davis,South,46688.0,0.890868597,0.445434298,0.0,33.0,0.0,white_not_hispanic_2017,0.445434298,1.336302895,19.26550270921132,15.41240216736906,35.4003612281758
48061,TX,Cameron,South,36587.0,0.092468336,0.348534495,0.0237098,33.0,0.0355647,hispanic_2017,0.588003775,0.592745741,31.44448241893006,26.11125630767375,24.29183168814459
36101,NY,Steuben,Northeast,50190.0,0.237529691,0.578333161,0.0103274,25.7,0.0516369,white_not_hispanic_2017,0.475059382,0.857172364,8.800153071737657,35.45082570427718,31.12066174089665
39093,OH,Lorain,Ohio Valley,54951.0,0.179392674,0.358785349,0.0228318,33.8,0.068495385,white_not_hispanic_2017,0.629505202,0.489252748,10.04240052185258,30.71941105209207,33.91762184325785
48111,TX,Dallam,South,48470.0,0.0,0.689084895,0.0,33.0,0.0,white_not_hispanic_2017,0.826901874,1.102535832,31.89127972819932,28.47112117780294,22.62740656851642
22125,LA,West Feliciana,South,56459.0,0.13050571,0.522022838,0.0,36.2,0.0,white_not_hispanic_2017,0.261011419,0.587275693,19.95819397993311,31.7056856187291,24.85785953177258
22001,LA,Acadia,South,40218.0,0.302547771,0.652866242,0.0159236,36.2,0.159235669,white_not_hispanic_2017,0.50955414,0.334394904,19.25383559334281,42.44321876731135,23.10508441918158
42005,PA,Armstrong,Northeast,46968.0,0.166333999,0.453638178,0.0,31.6,0.0604851,white_not_hispanic_2017,0.453638178,0.635093449,8.214108501488587,49.17920939464108,24.49760172014555
30015,MT,Chouteau,Northern Rockies and Plains,40718.0,0.345184674,0.517777011,0.0,25.3,0.172592337,white_not_hispanic_2017,0.172592337,0.862961685,7.020634121791645,35.78258681429291,28.15802717664821
55121,WI,Trempealeau,Upper Midwest,53142.0,0.202538482,0.607615447,0.0,32.0,0.067512827,white_not_hispanic_2017,0.472589792,0.776397516,8.03384768541563,39.03932304629168,33.90741662518666
24027,MD,Howard,Northeast,119386.0,0.129351413,0.255547914,0.0094647,31.3,0.170365276,white_not_hispanic_2017,0.854981291,0.580503903,4.488163362548852,13.34949121014556,19.48933167783821
48395,TX,Robertson,South,42680.0,0.296595088,1.067742318,0.0,33.0,0.177957053,white_not_hispanic_2017,0.474552141,0.711828212,15.32721502701775,37.36169482802985,28.88755467878892
40109,OK,Oklahoma,South,51082.0,0.232081285,0.332819864,0.0242283,36.5,0.096913064,white_not_hispanic_2017,0.907922388,0.872217575,11.97985335276294,24.91210417967756,30.02066322793545
45089,SC,Williamsburg,Southeast,28314.0,0.282601187,0.910603825,0.0,34.1,0.0314001,black_2017,0.345401451,0.50240211,16.71967287596547,43.76192639709223,25.20218082689686
30093,MT,Silver Bow,Northern Rockies and Plains,45231.0,0.261119332,0.464212145,0.0290133,25.3,0.145066295,white_not_hispanic_2017,0.986450808,1.131517103,6.49486695998324,34.60716530483972,31.35554158809973
51085,VA,Hanover,Southeast,83405.0,0.134167729,0.507920688,0.0287502,30.1,0.172501366,white_not_hispanic_2017,0.71875569,0.776256145,6.112472748446153,25.64421996235562,27.92590285582743
46039,SD,Deuel,Northern Rockies and Plains,53517.0,0.707881076,0.707881076,0.0,31.9,0.0,white_not_hispanic_2017,0.0,0.471920717,7.815098104423013,35.11805786498171,34.35317592284669
5107,AR,Phillips,South,29073.0,0.31496063,0.839895013,0.0524934,35.0,0.104986877,white_not_hispanic_2017,0.524934383,0.31496063,18.42546063651591,31.20603015075377,34.87437185929648
22095,LA,St. John the Baptist,South,52166.0,0.18399264,0.482980681,0.0229991,36.2,0.0459982,white_not_hispanic_2017,0.758969641,0.413983441,14.38620929827616,35.46926693365837,32.94445411805677
28127,MS,Simpson,South,39568.0,0.111193477,0.889547813,0.0370645,37.3,0.074128984,white_not_hispanic_2017,0.778354337,0.33358043,21.6711324984962,28.30425985672883,32.58599004757478
12031,FL,Duval,Southeast,51948.0,0.187827889,0.49871543,0.0226689,28.4,0.093913945,white_not_hispanic_2017,0.84306656,0.772900969,9.930662664405144,28.10491789161601,31.27884250168
4009,AZ,Graham,Southwest,46714.0,0.158868854,0.476606561,0.0264781,29.5,0.0529563,white_not_hispanic_2017,0.397172134,0.423650277,14.71602476214217,30.32115999833811,40.1470771531846
20041,KS,Dickinson,South,50268.0,0.210737053,0.474158369,0.0,32.4,0.0,white_not_hispanic_2017,0.474158369,0.737579685,7.711766960521273,31.38367190494442,36.6193944039862
48409,TX,San Patricio,South,51667.0,0.13380512,0.594689423,0.0297345,33.0,0.0446017,hispanic_2017,0.743361779,0.535220481,18.60702994234703,32.7529291426446,32.75990329179839
51600,VA,Fairfax,Southeast,94701.0,0.755445503,0.755445503,0.0419692,30.1,0.713476308,white_not_hispanic_2017,3.399504764,3.861165904,7.424043920394285,13.40071121093019,18.88452180422983
40139,OK,Texas,South,50993.0,0.189295348,0.567886044,0.0473238,36.5,0.094647674,white_not_hispanic_2017,0.378590696,1.135772088,24.55147890738646,27.4527234524002,21.569419751091
13087,GA,Decatur,Southeast,36136.0,0.224592925,1.048100318,0.0374322,31.6,0.112296463,white_not_hispanic_2017,0.823507393,0.561482313,17.1254512635379,36.5297833935018,32.3048285198556
13295,GA,Walker,Southeast,40814.0,0.087814302,0.643971548,0.0146357,31.6,0.0292714,white_not_hispanic_2017,0.321985774,0.29271434,16.84266644794849,34.18154975496729,29.81197071910435
47095,TN,Lake,Ohio Valley,30078.0,0.26560425,0.26560425,0.0,32.8,0.0,white_not_hispanic_2017,0.398406375,0.26560425,26.46536412078153,43.26820603907638,20.14209591474245
2185, AK,North Slope Borough,,74998.0,0.826019618,0.206504904,0.0,34.2,0.103252452,white_not_hispanic_2017,0.309757357,0.413009809,11.28171973492807,41.03765960885728,32.55212542427671
41059,OR,Umatilla,Northwest,49667.0,0.182650785,0.443580477,0.0521859,29.4,0.0391395,white_not_hispanic_2017,0.495766416,0.834975016,17.0004914004914,28.96707616707616,36.53071253071253
19081,IA,Hancock,Upper Midwest,57222.0,0.183604149,0.459010374,0.0,36.4,0.091802075,white_not_hispanic_2017,0.367208299,0.642614523,7.070047046523785,36.68322007318348,34.17407213800313
13259,GA,Stewart,Southeast,24945.0,0.170212766,1.191489362,0.0,31.6,0.0,white_not_hispanic_2017,0.0,0.170212766,27.34942122817344,35.80537571120267,23.22935059839121
2020, AK,Anchorage Municipality,,83959.0,0.110970623,0.171500054,0.0437157,34.2,0.147960831,white_not_hispanic_2017,0.6994512,0.8305983,6.007434557695808,23.72715693155528,33.68582494995971
5111,AR,Poinsett,South,36125.0,0.208263912,0.749750083,0.0416528,35.0,0.0,white_not_hispanic_2017,0.624791736,0.624791736,19.28350833848054,44.8177887584929,24.37306979617048
27045,MN,Fillmore,Upper Midwest,60575.0,0.191213729,0.573641187,0.0,28.4,0.0,white_not_hispanic_2017,0.62144462,1.434102969,8.946459412780657,31.83419689119171,36.72538860103627
39101,OH,Marion,Ohio Valley,44783.0,0.183671595,0.352037224,0.0306119,33.8,0.076529831,white_not_hispanic_2017,0.734686381,0.413261089,10.12745883014867,44.76423362402891,32.17415766808768
23003,ME,Aroostook,Northeast,39746.0,0.455105996,0.880850314,0.0146808,29.1,0.0587234,white_not_hispanic_2017,0.61659522,0.939573668,10.2021251098506,37.18143325077894,32.84932491811136
40035,OK,Craig,South,42781.0,0.069156293,0.691562932,0.069156293,36.5,0.0,white_not_hispanic_2017,0.414937759,0.899031812,12.34849990065567,39.87681303397576,33.41943175044705
13263,GA,Talbot,Southeast,36482.0,0.15740595,0.78702975,0.0,31.6,0.0,white_not_hispanic_2017,0.15740595,0.0,17.39315330640017,43.58919838401021,26.42993833723156
37089,NC,Henderson,Southeast,53638.0,0.193392992,0.360414213,0.0175812,32.1,0.105487087,white_not_hispanic_2017,0.571388386,0.668084882,8.56167936643342,25.77726030871385,34.13028692634904
56025,WY,Natrona,Northern Rockies and Plains,60559.0,0.086535133,0.383227019,0.0370865,28.8,0.160708105,white_not_hispanic_2017,0.679918904,0.877713495,6.298822752778084,29.45868632412807,40.7232185425606
49011,UT,Davis,Southwest,77095.0,0.073243117,0.199221279,0.0263675,25.3,0.0615242,white_not_hispanic_2017,0.697274477,0.33105889,4.107839280423898,21.16328879693442,36.56307218587754
1117,AL,Shelby,Southeast,74212.0,0.123180132,0.502195923,0.0236885,36.3,0.146868619,white_not_hispanic_2017,0.767506976,0.568523686,6.792023871548334,19.43487763124953,29.56404652516053
55077,WI,Marquette,Upper Midwest,50032.0,0.198189866,0.528506309,0.0,32.0,0.066063289,white_not_hispanic_2017,0.396379732,0.792759464,9.546995913398835,41.5529084427441,34.71872011129467
23023,ME,Sagadahoc,Northeast,59271.0,0.199242877,0.569265363,0.0,29.1,0.142316341,white_not_hispanic_2017,0.626191899,0.939287849,5.496262690119371,30.43769290840801,26.70038302777881
48447,TX,Throckmorton,South,42876.0,0.645994832,0.645994832,0.0,33.0,0.0,white_not_hispanic_2017,0.0,1.937984496,13.02717900656045,37.39456419868791,27.27272727272727
20067,KS,Grant,South,58620.0,0.130123617,0.260247235,0.0,32.4,0.0,white_not_hispanic_2017,0.650618087,1.040988939,19.68036529680365,28.83561643835617,30.93607305936073
38081,ND,Sargent,Northern Rockies and Plains,59464.0,0.514138817,0.514138817,0.0,33.2,0.0,white_not_hispanic_2017,0.257069409,0.0,6.062717770034843,36.13240418118467,39.23344947735192
1111,AL,Randolph,Southeast,40283.0,0.133345186,0.888967908,0.0444484,36.3,0.0,white_not_hispanic_2017,0.444483954,0.311138768,18.07665853811042,35.38423060088789,29.43787907209404
13261,GA,Sumter,Southeast,35764.0,0.197661011,1.054192061,0.0329435,31.6,0.065887004,white_not_hispanic_2017,0.724757042,0.560039532,15.84913656107639,35.4327788960695,28.75304587350355
36051,NY,Livingston,Northeast,54256.0,0.202485904,0.591881873,0.0155758,25.7,0.12460671,white_not_hispanic_2017,0.74764026,0.825519454,8.249142427517505,32.35045345613458,31.86880315774635
21149,KY,McLean,Ohio Valley,43656.0,0.321130379,0.856347677,0.0,34.3,0.0,white_not_hispanic_2017,0.749304218,0.535217298,11.37780548628429,40.5860349127182,33.4788029925187
48193,TX,Hamilton,South,45718.0,0.242983842,0.971935366,0.0,33.0,0.0,white_not_hispanic_2017,0.971935366,0.607459604,12.89835625628984,35.5249916135525,31.01308285810131
35003,NM,Catron,Southwest,34868.0,0.566251416,1.415628539,0.0,28.4,0.0,white_not_hispanic_2017,0.0,0.566251416,7.312806158152554,41.98740377886634,34.04478656403079
35009,NM,Curry,Southwest,43450.0,0.099665125,0.438526551,0.019933,28.4,0.179397225,white_not_hispanic_2017,0.637856801,0.518258651,19.0562018679338,25.80370309683762,34.92053088644928
19195,IA,Worth,Upper Midwest,54628.0,0.267558528,0.668896321,0.0,36.4,0.0,white_not_hispanic_2017,0.267558528,0.535117057,6.644144144144144,38.3445945945946,36.78678678678678
19087,IA,Henry,Upper Midwest,50684.0,0.101005,0.555527499,0.0505025,36.4,0.101005,white_not_hispanic_2017,0.454522499,1.060552497,7.454558834351313,36.24254912061226,33.78467878431084
40021,OK,Cherokee,South,36297.0,0.164099198,0.492297594,0.0205124,36.5,0.0205124,white_not_hispanic_2017,0.451272794,0.635884392,12.48502121320076,31.31133205946173,28.72040677526962
29175,MO,Randolph,Ohio Valley,43386.0,0.160192231,0.400480577,0.0400481,32.5,0.080096115,white_not_hispanic_2017,0.52062475,0.800961153,11.42907200840974,36.87437948957542,33.75576709688723
5017,AR,Chicot,South,29527.0,0.366568915,0.824780059,0.0,35.0,0.0,white_not_hispanic_2017,0.458211144,0.183284457,21.80894866867966,37.83969256107603,25.70683502607741
28081,MS,Lee,South,43834.0,0.188643652,0.825315978,0.0353707,37.3,0.106112054,white_not_hispanic_2017,0.896057348,0.931428032,14.67931902607348,26.49249132937801,31.9237337370821
29171,MO,Putnam,Ohio Valley,40150.0,0.413992962,0.620989443,0.0,32.5,0.0,white_not_hispanic_2017,0.206996481,0.620989443,7.187593200119297,43.69221592603639,28.72054876230242
21083,KY,Graves,Ohio Valley,41705.0,0.134596748,0.511467643,0.0269193,34.3,0.0538387,white_not_hispanic_2017,0.484548293,0.619145041,11.31171113596421,42.12733663524525,30.06071257389359
55029,WI,Door,Upper Midwest,56298.0,0.438788943,0.84101214,0.0365657,32.0,0.109697236,white_not_hispanic_2017,0.767880649,3.400614305,4.424410540915395,30.32362459546925,30.54091539528433
54027,WV,Hampshire,Ohio Valley,45172.0,0.128518185,0.385554556,0.0,38.1,0.0428394,white_not_hispanic_2017,0.299875766,0.514072741,13.23426979335965,47.78848386347806,26.68911074994195
39065,OH,Hardin,Ohio Valley,46969.0,0.159200178,0.573120642,0.03184,33.8,0.063680071,white_not_hispanic_2017,0.477600535,0.541280606,9.846090065813339,49.03352852775043,25.11271182049023
48311,TX,McMullen,South,67249.0,0.0,3.680981595,0.0,33.0,0.0,hispanic_2017,0.0,2.45398773,11.08695652173913,45.65217391304348,28.47826086956522
35059,NM,Union,Southwest,37787.0,0.240789791,0.481579581,0.0,28.4,0.0,white_not_hispanic_2017,0.481579581,1.203948953,16.09427609427609,44.24242424242424,27.2053872053872
51131,VA,Northampton,Southeast,39348.0,0.166583375,1.082791937,0.0,30.1,0.083291687,white_not_hispanic_2017,0.749625187,0.99950025,14.87103401049989,34.2273453549418,24.75462223236704
38101,ND,Ward,Northern Rockies and Plains,61089.0,0.114036463,0.413382179,0.0142546,33.2,0.099781905,white_not_hispanic_2017,0.698473337,0.669964221,5.470439383482862,30.96848401196227,34.51575799401886
37009,NC,Ashe,Southeast,39709.0,0.149510354,0.635419003,0.0373776,32.1,0.0373776,white_not_hispanic_2017,0.71017418,0.859684533,13.66661808288393,31.21022202788709,35.08720789000632
17077,IL,Jackson,Ohio Valley,34982.0,0.220219542,0.372679225,0.0338799,31.1,0.101639789,white_not_hispanic_2017,0.74535845,0.846998238,7.356018691052949,24.3241693661669,32.78101080755669
6101,CA,Sutter,West,51283.0,0.218617918,0.416415083,0.0208208,25.1,0.083283017,white_not_hispanic_2017,0.614212247,0.562160361,20.17057163691703,23.03034146032148,36.7680162328398
51640,VA,Galax,Southeast,35221.0,0.600240096,1.50060024,0.150060024,30.1,0.0,white_not_hispanic_2017,2.25090036,2.551020408,24.55254703992657,27.67324460761817,30.65626434144103
19157,IA,Poweshiek,Upper Midwest,52408.0,0.328012246,0.601355784,0.0546687,36.4,0.109337415,white_not_hispanic_2017,0.601355784,1.093374153,6.246872393661384,38.51542952460384,27.18098415346122
21101,KY,Henderson,Ohio Valley,46936.0,0.151370989,0.605483955,0.0216244,34.3,0.064873281,white_not_hispanic_2017,0.691981662,0.605483955,13.01232084485793,37.21712345989439,31.54387729444305
22007,LA,Assumption,South,45847.0,0.175785542,0.527356625,0.0,36.2,0.0,white_not_hispanic_2017,0.307624698,0.087892771,24.3248481715984,40.56079596847138,22.25739759658871
48175,TX,Goliad,South,55264.0,0.132961042,0.53184417,0.0,33.0,0.0,white_not_hispanic_2017,0.398883127,0.797766254,17.73893640758646,25.17664559315731,41.14912606917069
21189,KY,Owsley,Ohio Valley,23115.0,0.0,0.889877642,0.0,34.3,0.0,white_not_hispanic_2017,0.22246941,0.0,30.88328075709779,39.36908517350158,15.26813880126183
31003,NE,Antelope,Northern Rockies and Plains,48799.0,0.786658276,0.943989931,0.0,32.8,0.0,white_not_hispanic_2017,0.786658276,0.786658276,8.037554385161439,34.37142202885276,39.54659949622166
29163,MO,Pike,Ohio Valley,43617.0,0.108084738,0.540423692,0.0540424,32.5,0.108084738,white_not_hispanic_2017,0.486381323,0.864677907,13.28354651624692,51.00500516405816,20.71184555493763
39061,OH,Hamilton,Ohio Valley,53344.0,0.211088439,0.397488171,0.0172821,33.8,0.134553449,white_not_hispanic_2017,0.846822625,0.881386814,8.225021964187054,25.75724365302924,27.13469254666824
40085,OK,Love,South,45200.0,0.100220485,0.701543395,0.0,36.5,0.0,white_not_hispanic_2017,0.501102425,1.202645821,16.20980886057194,41.17647058823529,29.23396058675359
6109,CA,Tuolumne,West,50431.0,0.297469649,0.464796326,0.0,25.1,0.092959265,white_not_hispanic_2017,0.483388179,1.041143771,9.003549267209117,25.69717748750513,42.96062003525122
48025,TX,Bee,South,40753.0,0.0609106,0.487284909,0.0304553,33.0,0.091365921,hispanic_2017,0.487284909,0.456829603,20.80896247637902,33.59128948078827,34.81508143615585
12051,FL,Hendry,Southeast,39911.0,0.252270434,0.681130172,0.0504541,28.4,0.07568113,hispanic_2017,0.529767911,0.479313824,30.91966966966967,33.57732732732732,27.28228228228228
20145,KS,Pawnee,South,46961.0,0.148323939,0.296647879,0.0,32.4,0.0,white_not_hispanic_2017,0.593295758,0.444971818,9.319497106365995,34.28457393733786,37.43763719816403
46061,SD,Hanson,Northern Rockies and Plains,61242.0,0.294985251,0.294985251,0.0,31.9,0.0,white_not_hispanic_2017,0.0,0.294985251,7.714150496923805,35.02129673450071,41.12636062470421
40153,OK,Woodward,South,57403.0,0.095584018,0.812464156,0.047792,36.5,0.095584018,white_not_hispanic_2017,0.716880138,0.860256165,11.56729999272039,40.03057436121424,29.00196549464948
19147,IA,Palo Alto,Upper Midwest,50642.0,0.221190002,0.663570007,0.0,36.4,0.0,white_not_hispanic_2017,0.774165008,1.327140013,7.283910650696019,29.75072839106507,38.18387827775979
27041,MN,Douglas,Upper Midwest,55257.0,0.215209964,0.726333629,0.0269012,28.4,0.134506228,white_not_hispanic_2017,0.645629893,0.995346085,4.483941148272429,30.55791142741252,37.79637892252664
30111,MT,Yellowstone,Northern Rockies and Plains,57351.0,0.114178423,0.336192023,0.0317162,25.3,0.228356846,white_not_hispanic_2017,0.704100274,0.79924896,5.169385879505355,29.27741430612301,32.72427818775763
48497,TX,Wise,South,57609.0,0.155122935,0.496393392,0.0155123,33.0,0.0155123,white_not_hispanic_2017,0.604979446,0.511905685,13.86431324456903,34.22827610371408,33.09609320252277
29047,MO,Clay,Ohio Valley,65973.0,0.129836406,0.280614168,0.0251296,32.5,0.117271593,white_not_hispanic_2017,0.695253013,0.644993759,6.649187707263346,27.99506758131906,32.50607573417616
40077,OK,Latimer,South,35942.0,0.094679038,0.378716152,0.0,36.5,0.0,white_not_hispanic_2017,0.189358076,0.189358076,12.65189421015011,36.71193709792709,35.25375268048606
36097,NY,Schuyler,Northeast,48109.0,0.111123458,0.444493833,0.0555617,25.7,0.111123458,white_not_hispanic_2017,0.555617291,1.166796311,8.941674861941145,34.63953400408503,33.25516302292155
22021, LA,Caldwell Parish,,35428.0,0.297885016,0.397180022,0.0,36.2,0.099295005,white_not_hispanic_2017,0.595770033,0.297885016,18.86240678461763,48.31115660184238,18.23365989179705
31071,NE,Garfield,Northern Rockies and Plains,44016.0,0.499750125,0.99950025,0.0,32.8,0.0,white_not_hispanic_2017,0.0,1.9990005,4.050464807436919,28.15405046480744,38.44621513944223
12069,FL,Lake,Southeast,50125.0,0.110305845,0.435260903,0.0208687,28.4,0.080493455,white_not_hispanic_2017,0.453148338,0.724441092,10.02199432917296,32.08711420015975,33.50671375951605
48145,TX,Falls,South,38559.0,0.173100225,0.634700825,0.0,33.0,0.0,white_not_hispanic_2017,0.288500375,0.403900525,22.55287752090506,34.92375799311363,30.10329562223315
33017,NH,Strafford,Northeast,69467.0,0.141431602,0.440009429,0.0157146,28.1,0.094287735,white_not_hispanic_2017,0.636442209,0.825017679,6.663249615581752,27.54414985322212,30.58221890871814
5079,AR,Lincoln,South,35419.0,0.072411296,0.579290369,0.0,35.0,0.072411296,white_not_hispanic_2017,0.362056481,0.506879073,20.6938038901143,47.66392620814116,23.13013835973531
13183,GA,Long,Southeast,44542.0,0.0537808,0.322684737,0.0,31.6,0.0,white_not_hispanic_2017,0.161342369,0.0537808,13.9835390946502,41.10288065843621,30.24691358024691
22061, LA,Lincoln Parish,,39158.0,0.083950721,0.545679686,0.0209877,36.2,0.062963041,white_not_hispanic_2017,0.776544169,0.587655046,11.21901950120426,27.74842669567244,25.87211560873281
48265,TX,Kerr,South,50461.0,0.097473487,0.506862133,0.0194947,33.0,0.097473487,white_not_hispanic_2017,0.877261385,0.721303805,10.6809430877156,28.25570968932961,32.87884382087663
2130, AK,Ketchikan Gateway Borough,,67125.0,0.291396518,0.218547388,0.0,34.2,0.218547388,white_not_hispanic_2017,0.801340424,0.947038683,6.119711042311661,30.70175438596491,37.71929824561403
27079,MN,Le Sueur,Upper Midwest,63451.0,0.144331385,0.505159847,0.0,28.4,0.144331385,white_not_hispanic_2017,0.180414231,0.829905463,5.466761681767281,35.28453629237504,36.37890664766365
21209,KY,Scott,Ohio Valley,64809.0,0.07488393,0.187209825,0.037442,34.3,0.037442,white_not_hispanic_2017,0.673955369,0.617792422,7.252543436161798,29.62932656902054,32.75782123666912
35029,NM,Luna,Southwest,28227.0,0.082345191,0.658761528,0.0411726,28.4,0.082345191,hispanic_2017,0.82345191,0.741106719,28.68783547823838,36.02147060725603,22.23371920067257
29147,MO,Nodaway,Ohio Valley,44923.0,0.0444603,0.35568202,0.0444603,32.5,0.088920505,white_not_hispanic_2017,0.53352303,0.577983283,6.718097074895532,38.02635808421729,27.89296046287367
51510,VA,Alexandria,Southeast,87822.0,0.235237272,0.298814913,0.00635776,30.1,0.184375159,white_not_hispanic_2017,0.794720513,1.13168201,6.984169327342298,10.30702668456197,17.65299232224881
48141,TX,El Paso,South,42048.0,0.138565867,0.287882534,0.0191125,33.0,0.083617334,hispanic_2017,0.717914536,0.640269869,21.04581417602166,23.15739725068266,31.76885196163092
22039, LA,Evangeline Parish,,34440.0,0.385642243,0.533966182,0.0296648,36.2,0.0296648,white_not_hispanic_2017,0.326312667,0.148323939,23.28101812294824,41.67378693169043,22.31865809236858
36087,NY,Rockland,Northeast,84358.0,0.33957935,0.278393881,0.00611855,25.7,0.137667304,white_not_hispanic_2017,0.847418738,0.960611855,11.49458029851333,21.92879489609988,24.7071593102466
48051,TX,Burleson,South,48533.0,0.224580316,1.066756499,0.0,33.0,0.112290158,white_not_hispanic_2017,0.50530571,0.673740947,15.86913677571935,36.90973590855341,25.93614505321246
21181,KY,Nicholas,Ohio Valley,38958.0,0.141582897,0.141582897,0.0,34.3,0.0,white_not_hispanic_2017,0.141582897,0.707914484,19.58113054087027,45.40463603090687,26.1081740544937
56021,WY,Laramie,Northern Rockies and Plains,61124.0,0.091866732,0.316429855,0.0306222,28.8,0.112281561,white_not_hispanic_2017,0.704311612,0.551200392,5.852936824974108,25.50377274744784,38.42284361591952
54035,WV,Jackson,Ohio Valley,43544.0,0.102838338,0.651309475,0.0342794,38.1,0.0342794,white_not_hispanic_2017,0.651309475,0.514191691,11.29260324735482,43.65888146667317,27.03203471646594
31017,NE,Brown,Northern Rockies and Plains,44709.0,1.00536193,1.675603217,0.0,32.8,0.0,white_not_hispanic_2017,0.0,1.340482574,4.483246814535158,36.5738555922605,34.73336479471449
1091,AL,Marengo,Southeast,34794.0,0.153806716,1.076647014,0.0512689,36.3,0.102537811,white_not_hispanic_2017,0.922840297,0.615226865,14.55662188099808,38.21113243761996,30.11900191938579
29195,MO,Saline,Ohio Valley,43095.0,0.175039384,0.831437073,0.0437598,32.5,0.087519692,white_not_hispanic_2017,0.568877998,0.568877998,15.26707325246297,36.86080021446283,25.32672072917365
6013,CA,Contra Costa,West,90920.0,0.17564737,0.195846818,0.00439118,25.1,0.122953159,white_not_hispanic_2017,0.615644033,0.664825297,10.10081051147805,17.23645791381394,29.33762082158679
42121,PA,Venango,Northeast,41395.0,0.13341211,0.495530694,0.0190589,31.6,0.0571766,white_not_hispanic_2017,0.40023633,0.648001677,8.98390076537345,48.02058590657165,23.71338083927158
19023,IA,Butler,Upper Midwest,54970.0,0.272349697,0.680874243,0.0,36.4,0.0,white_not_hispanic_2017,0.204262273,0.612786818,6.467613304804513,37.01614471892628,38.35829605135188
45029,SC,Colleton,Southeast,35760.0,0.239368068,0.904279369,0.0265965,34.1,0.0531929,white_not_hispanic_2017,0.664911301,0.611718397,12.43331809175431,44.17771681146166,27.09571711629325
38015,ND,Burleigh,Northern Rockies and Plains,66406.0,0.116489638,0.349468913,0.0317699,33.2,0.148259539,white_not_hispanic_2017,0.61421809,0.593038156,5.560382276281494,22.42925406478838,35.48156882214224
8011,CO,Bent,Southwest,33951.0,0.352050695,0.528076043,0.0,22.6,0.0,white_not_hispanic_2017,0.176025348,0.352050695,11.62100456621005,49.36073059360731,23.88127853881279
20129,KS,Morton,South,49717.0,1.071428571,0.357142857,0.0,32.4,0.0,white_not_hispanic_2017,0.714285714,0.714285714,15.59934318555008,31.14395183360701,36.94581280788177
51137,VA,Orange,Southeast,64656.0,0.084552296,0.563681971,0.0281841,30.1,0.084552296,white_not_hispanic_2017,0.732786562,0.732786562,10.25473043277198,36.32895294616362,27.70819684766273
51015,VA,Augusta,Southeast,56784.0,0.147109958,0.481450772,0.0,30.1,0.066868163,white_not_hispanic_2017,0.374461711,0.427956241,11.33121601980944,40.17512694909476,26.20803502538982
37173,NC,Swain,Southeast,38996.0,0.211461197,1.057305984,0.0,32.1,0.070487066,white_not_hispanic_2017,1.409741312,0.986818919,16.65132453717909,29.93760867341721,32.77078858545566
38083,ND,Sheridan,Northern Rockies and Plains,38977.0,0.742390497,0.742390497,0.0,33.2,0.0,white_not_hispanic_2017,0.0,0.742390497,15.83577712609971,38.51417399804497,30.79178885630499
31037,NE,Colfax,Northern Rockies and Plains,50901.0,0.469087156,0.469087156,0.0,32.8,0.0,white_not_hispanic_2017,0.187634863,0.469087156,29.89345509893455,27.64079147640792,27.54946727549467
29037,MO,Cass,Ohio Valley,64422.0,0.097295194,0.359992216,0.019459,32.5,0.019459,white_not_hispanic_2017,0.6032302,0.61295972,6.464059048843906,33.14088405513462,33.39810439790868
6039,CA,Madera,West,49467.0,0.245215079,0.361369591,0.0,25.1,0.0516242,hispanic_2017,0.503336216,0.335557477,28.04208506816883,23.33251694015838,33.4078292105478
2170, AK,Matanuska-Susitna Borough,,71793.0,0.09604026,0.163268442,0.0288121,34.2,0.067228182,white_not_hispanic_2017,0.345744936,0.518617404,6.440944881889764,33.93414459556192,37.72512526843235
18009,IN,Blackford,Ohio Valley,42588.0,0.248447205,0.579710145,0.0,33.6,0.082815735,white_not_hispanic_2017,0.414078675,0.49689441,8.925189393939394,47.38399621212121,29.99526515151515
17053,IL,Ford,Ohio Valley,51861.0,0.149902563,0.674561535,0.0,31.1,0.074951282,white_not_hispanic_2017,0.599610253,1.124269225,8.828945943018091,35.90076914743798,33.63665908352291
22103, LA,St. Tammany Parish,,65861.0,0.150333107,0.435174782,0.0276929,36.2,0.130552435,white_not_hispanic_2017,0.751665533,0.89408637,9.5112591004007,25.18539420960551,31.02771036740222
23027,ME,Waldo,Northeast,48422.0,0.304375396,0.735573874,0.0,29.1,0.076093849,white_not_hispanic_2017,0.532656944,0.811667724,7.203662879430219,31.79582838731558,29.44208919789724
13297,GA,Walton,Southeast,55267.0,0.100098987,0.544983372,0.0222442,31.6,0.0333663,white_not_hispanic_2017,0.578349701,0.411518057,12.76452804837084,34.95209303069565,29.77910008477694
6029,CA,Kern,West,49812.0,0.211278904,0.320872774,0.0090387,25.1,0.054232,hispanic_2017,0.681289728,0.500516334,24.66216899548946,27.52957227992946,30.68548112761728
40127,OK,Pushmataha,South,34222.0,0.271149675,0.813449024,0.0,36.5,0.0,white_not_hispanic_2017,0.271149675,0.903832249,14.99364675984752,44.12960609911055,26.21346886912325
21175,KY,Morgan,Ohio Valley,33716.0,0.226671704,0.226671704,0.0,34.3,0.0,white_not_hispanic_2017,0.377786173,0.075557235,21.81099168525654,41.79679578178868,21.43581423646319
40043,OK,Dewey,South,49398.0,0.409332788,2.251330332,0.0,36.5,0.0,white_not_hispanic_2017,0.204666394,0.613999181,6.453634085213032,41.32205513784461,31.35964912280701
51700,VA,Newport News,Southeast,50149.0,0.171851786,0.521098964,0.0221744,30.1,0.160764574,white_not_hispanic_2017,0.859258931,0.831540901,8.445743276828411,28.17390261042456,35.34442863754006
37185,NC,Warren,Southeast,36285.0,0.251395244,0.502790487,0.0,32.1,0.0,white_not_hispanic_2017,0.502790487,0.452511438,16.19441571871768,38.32471561530507,30.14822475008618
46057,SD,Hamlin,Northern Rockies and Plains,57575.0,0.510377679,0.850629466,0.0,31.9,0.0,white_not_hispanic_2017,0.0,0.170125893,7.829856407477648,40.36846383094013,29.96477919263073
13065,GA,Clinch,Southeast,34777.0,0.294594196,1.178376786,0.0,31.6,0.0,white_not_hispanic_2017,0.589188393,0.294594196,27.81988408381632,36.15693267944717,25.18947837717343
12097,FL,Osceola,Southeast,50716.0,0.162726708,0.340246753,0.026628,28.4,0.0473387,hispanic_2017,0.568064144,0.680493506,13.86442930719389,29.36949659411863,33.56786841668051
20053,KS,Ellsworth,South,50403.0,0.316906988,1.109174457,0.0,32.4,0.0,white_not_hispanic_2017,0.316906988,0.950720963,8.292574477545577,31.85860382392174,36.12716763005781
32021,NV,Mineral,West,41892.0,0.227479527,1.137397634,0.0,26.7,0.0,white_not_hispanic_2017,0.227479527,0.227479527,10.61349693251534,37.57668711656441,37.23926380368098
25003,MA,Berkshire,Northeast,56011.0,0.275899037,0.536032414,0.0078828,25.9,0.110359615,white_not_hispanic_2017,0.890759747,1.718456857,7.142240728355375,29.84725248646199,27.69843153330025
27093,MN,Meeker,Upper Midwest,61374.0,0.17316767,0.692670678,0.0432919,28.4,0.0432919,white_not_hispanic_2017,0.432919174,0.476211091,6.458966565349544,35.90425531914894,39.45668693009118
21207,KY,Russell,Ohio Valley,33490.0,0.281373101,0.900393922,0.0,34.3,0.0562746,white_not_hispanic_2017,0.619020822,0.619020822,18.45712464137711,36.52374880459037,29.55052598023589
28065,MS,Jefferson Davis,South,30815.0,0.174459177,0.959525471,0.0,37.3,0.0,white_not_hispanic_2017,0.436147941,0.087229588,15.99799398194584,37.52507522567703,32.30942828485456
17073,IL,Henry,Ohio Valley,55287.0,0.16153784,0.585574671,0.0201922,31.1,0.0403845,white_not_hispanic_2017,0.464421291,0.908650351,7.572066585464881,34.05254915608143,34.62966185256076
29021,MO,Buchanan,Ohio Valley,47517.0,0.111914408,0.436466191,0.0335743,32.5,0.089531526,white_not_hispanic_2017,0.839358059,0.637912125,11.18677531079024,37.27475028025499,29.65850720297154
9003,CT,Hartford,Northeast,69341.0,0.288108168,0.351759972,0.0078169,26.9,0.158571162,white_not_hispanic_2017,0.667785598,0.908992437,10.0011374942124,26.18639845300787,25.30283780774425
30053,MT,Lincoln,Northern Rockies and Plains,37793.0,0.416016641,0.416016641,0.0,25.3,0.10400416,white_not_hispanic_2017,0.416016641,1.560062402,8.549698400209808,37.46393915552058,34.32336742722266
13241,GA,Rabun,Southeast,41913.0,0.242013553,0.786544046,0.0605034,31.6,0.0605034,white_not_hispanic_2017,1.210067764,1.754598258,14.9896225689907,29.32585133369206,27.2964870474287
22117,LA,Washington,South,34240.0,0.258486989,0.646217474,0.0,36.2,0.0215406,white_not_hispanic_2017,0.603136309,0.323108737,19.44259909525165,42.65920091107526,26.10483692385562
13081,GA,Crisp,Southeast,34211.0,0.610420754,1.090037061,0.0436015,31.6,0.087202965,white_not_hispanic_2017,0.828428167,0.654022237,17.25398936170212,39.85372340425532,29.22872340425532
51630, VA,Fredericksburg city,,53714.0,0.212231615,0.60132291,0.0353719,30.1,0.141487744,white_not_hispanic_2017,1.662480988,3.11273036,7.836330525836559,23.32119280673799,26.3942636011837
26011,MI,Arenac,Upper Midwest,43339.0,0.264427844,0.793283533,0.0,32.3,0.0,white_not_hispanic_2017,0.793283533,0.727176572,10.95950704225352,40.07042253521127,36.06514084507042
26001,MI,Alcona,Upper Midwest,37900.0,0.288933834,0.577867668,0.0,32.3,0.0,white_not_hispanic_2017,0.577867668,0.963112781,9.848484848484848,38.997668997669,32.73892773892774
39125,OH,Paulding,Ohio Valley,51020.0,0.212325495,0.530813737,0.0,33.8,0.0,white_not_hispanic_2017,0.530813737,0.318488242,10.11175337186898,45.0635838150289,28.91714836223507
48103,TX,Crane,South,57408.0,0.208029956,0.832119825,0.0,33.0,0.0,hispanic_2017,0.832119825,0.416059913,23.14425770308123,36.62464985994397,26.92577030812325
28023,MS,Clarke,South,37814.0,0.188726724,0.691997987,0.0,37.3,0.062908908,white_not_hispanic_2017,0.31454454,0.503271263,14.53213391449504,39.97959751460633,32.59760734489474
51165,VA,Rockingham,Southeast,57655.0,0.126106585,0.517037,0.0126107,30.1,0.063053293,white_not_hispanic_2017,0.378319756,0.441373049,14.66530495234,35.90625671898516,22.39124202680427
19177,IA,Van Buren,Upper Midwest,44875.0,0.689179876,0.689179876,0.0,36.4,0.0,white_not_hispanic_2017,0.27567195,0.689179876,10.72712744706352,37.33519776268478,35.51737914502597
34029,NJ,Ocean,Northeast,62276.0,0.18551499,0.286704984,0.0084325,27.3,0.109622494,white_not_hispanic_2017,0.701583961,0.730254459,7.585682309279949,33.45485993352778,27.60753287274348
2060, AK,Bristol Bay Borough,,68026.0,2.209944751,0.0,0.0,34.2,0.0,white_not_hispanic_2017,0.0,2.209944751,6.23885918003565,29.94652406417112,37.96791443850267
31109,NE,Lancaster,Northern Rockies and Plains,58873.0,0.144905135,0.31235107,0.0225408,32.8,0.16422582,white_not_hispanic_2017,0.962814122,0.660123395,6.766951694406881,21.07053165638059,32.39707990605269
48327,TX,Menard,South,34839.0,0.475737393,0.951474786,0.0,33.0,0.0,white_not_hispanic_2017,0.475737393,0.951474786,16.52694610778443,29.64071856287425,27.12574850299401
5133,AR,Sevier,South,38697.0,0.29489826,0.825715128,0.0589797,35.0,0.0589797,white_not_hispanic_2017,0.412857564,0.530816868,24.25127142588058,36.45695987944999,25.88058014692032
46003,SD,Aurora,Northern Rockies and Plains,50482.0,0.363636364,1.090909091,0.0,31.9,0.0,white_not_hispanic_2017,0.363636364,0.727272727,11.44611948632049,36.29257398101619,31.93746510329425
46111,SD,Sanborn,Northern Rockies and Plains,51157.0,0.420521447,0.841042893,0.0,31.9,0.0,white_not_hispanic_2017,0.841042893,0.841042893,7.306501547987616,42.22910216718267,30.89783281733746
42091,PA,Montgomery,Northeast,84156.0,0.177906455,0.266859683,0.0146224,31.6,0.22664795,white_not_hispanic_2017,0.821294184,0.812764423,5.646397328010408,23.25427324388942,21.45812916103852
13219,GA,Oconee,Southeast,88570.0,0.108501058,0.379753703,0.0271253,31.6,0.162751587,white_not_hispanic_2017,0.976509521,0.515380025,5.067869783361207,19.64917739488935,24.7248259499825
39111,OH,Monroe,Ohio Valley,44062.0,0.141874158,0.638433709,0.0,33.8,0.070937079,white_not_hispanic_2017,0.56749663,0.56749663,9.839158061953931,50.54606830818109,27.56155679110405
17161,IL,Rock Island,Ohio Valley,50952.0,0.178728553,0.488066432,0.0206225,31.1,0.082490101,white_not_hispanic_2017,0.763033436,0.776781786,11.14013865452254,29.1438794803505,35.91904364974485
28101,MS,Newton,South,37468.0,0.187046996,0.701426233,0.0467617,37.3,0.0467617,white_not_hispanic_2017,0.748187982,0.233808744,15.04198612632348,31.70500182548375,36.72873311427528
39027,OH,Clinton,Ohio Valley,53234.0,0.191017406,0.477543516,0.0238772,33.8,0.0477544,white_not_hispanic_2017,0.764069626,0.501420692,9.902734705384832,38.65590639977446,31.40682266704257
51630,VA,Fredericksburg,Southeast,53714.0,0.212231615,0.60132291,0.0353719,30.1,0.141487744,white_not_hispanic_2017,1.662480988,3.11273036,7.836330525836559,23.32119280673799,26.3942636011837
30013,MT,Cascade,Northern Rockies and Plains,45569.0,0.122717455,0.35588062,0.0245435,25.3,0.147260946,white_not_hispanic_2017,0.846750442,0.809935205,7.577361198313751,31.45214817472419,33.64965467754956
1029,AL,Cleburne,Southeast,43483.0,0.134471862,0.806831171,0.0,36.3,0.0,white_not_hispanic_2017,0.336179654,0.134471862,17.81172898083128,38.37540330233441,27.79464794078573
29223,MO,Wayne,Ohio Valley,30793.0,0.227152268,0.605739381,0.0,32.5,0.0,white_not_hispanic_2017,0.378587113,0.681456803,18.78510505512794,43.34304139796131,27.96962762637819
27127,MN,Redwood,Upper Midwest,54918.0,0.328170123,0.393804148,0.065634025,28.4,0.131268049,white_not_hispanic_2017,0.656340247,0.787608296,7.593707516022528,37.45387453874539,35.80306855700136
27095,MN,Mille Lacs,Upper Midwest,53407.0,0.234246896,0.741781838,0.0390411,28.4,0.156164597,white_not_hispanic_2017,0.507534942,1.015069884,9.80260956841753,37.25326196052192,36.96330991412959
48249,TX,Jim Wells,South,40056.0,0.194576189,0.656694637,0.024322,33.0,0.048644,hispanic_2017,0.729660708,0.60805059,21.83352037459851,35.21922526218025,26.77914941372238
47005,TN,Benton,Ohio Valley,35723.0,0.373622268,0.747244536,0.0622704,32.8,0.0,white_not_hispanic_2017,0.435892646,0.996326048,16.61849710982659,46.87181230873853,23.67392043522612
55095,WI,Polk,Upper Midwest,53661.0,0.277155461,0.600503499,0.0230963,32.0,0.092385154,white_not_hispanic_2017,0.577407211,0.854562672,5.850456621004566,36.06988838153222,35.4674023338407
13137,GA,Habersham,Southeast,46828.0,0.158453494,0.814903683,0.0226362,31.6,0.0226362,white_not_hispanic_2017,0.701722616,0.611177762,19.82435366094336,34.33326754818762,24.77139661864351
28017,MS,Chickasaw,South,34611.0,0.174074504,0.986422189,0.0,37.3,0.0,white_not_hispanic_2017,0.348149008,0.406173842,22.62399434179117,36.9905401821236,27.9108832110335
30043,MT,Jefferson,Northern Rockies and Plains,62734.0,0.169923534,0.339847069,0.0,25.3,0.084961767,white_not_hispanic_2017,0.339847069,0.934579439,5.031948881789138,27.51026928343222,32.23413966225468
49003,UT,Box Elder,Southwest,57875.0,0.094385925,0.358666516,0.0188772,25.3,0.07550874,white_not_hispanic_2017,0.604069921,0.358666516,7.106397285814714,30.372589173824,38.820796527799
13117,GA,Forsyth,Southeast,101804.0,0.163586544,0.313540876,0.0318085,31.6,0.118145837,white_not_hispanic_2017,0.654346176,0.61344954,6.626885441759897,15.30105383451616,23.22916193209488
28005,MS,Amite,South,34986.0,0.080450523,0.56315366,0.0,37.3,0.080450523,white_not_hispanic_2017,0.241351569,0.080450523,13.95220790661821,45.40248871269684,28.68626803215505
37007,NC,Anson,Southeast,35809.0,0.079621004,0.676778534,0.0398105,32.1,0.0,white_not_hispanic_2017,0.59715753,0.39810502,18.94880081646539,39.57022169303169,30.41333560129274
36083,NY,Rensselaer,Northeast,63174.0,0.237892523,0.438223068,0.00626033,25.7,0.0313016,white_not_hispanic_2017,0.68237592,0.68863625,7.526785714285714,27.45267857142857,31.11964285714286
21067,KY,Fayette,Ohio Valley,53288.0,0.203728546,0.3416371,0.02194,34.3,0.153579981,white_not_hispanic_2017,0.952822737,0.874465604,8.077485206114646,18.97806744012225,27.96151447491824
39121,OH,Noble,Ohio Valley,48836.0,0.207713079,0.276950772,0.0,33.8,0.138475386,white_not_hispanic_2017,0.761614623,0.276950772,16.61211129296236,47.79050736497545,24.55901072922349
2188,AK,Northwest Arctic,,53692.0,1.044113808,0.261028452,0.0,34.2,0.0,native_2017,0.391542678,0.130514226,15.47871089155493,46.9066102093625,22.58292166549047
39045,OH,Fairfield,Ohio Valley,65198.0,0.098244051,0.26853374,0.032748,33.8,0.098244051,white_not_hispanic_2017,0.648410739,0.563265894,6.71802424379744,32.94626335863449,31.34700351195196
48429,TX,Stephens,South,42831.0,0.106292517,0.850340136,0.0,33.0,0.0,white_not_hispanic_2017,0.531462585,0.850340136,20.21410579345088,32.96599496221663,31.07682619647355
51570,VA,Colonial Heights,Southeast,52673.0,0.226731663,0.793560821,0.113365832,30.1,0.113365832,white_not_hispanic_2017,2.097267883,1.983902052,8.175531039025193,30.99785937757286,34.21702618145891
40001,OK,Adair,South,33632.0,0.135679074,0.452263579,0.0452264,36.5,0.0,white_not_hispanic_2017,0.542716295,0.271358148,18.82763433356595,45.78506629448709,24.60572226099093
42105,PA,Potter,Northeast,44267.0,0.47267356,0.649926145,0.0,31.6,0.0590842,white_not_hispanic_2017,0.35450517,0.82717873,11.12302110817942,46.11642480211081,27.4901055408971
37119,NC,Mecklenburg,Southeast,63197.0,0.20430613,0.328214014,0.0151338,32.1,0.2099813,white_not_hispanic_2017,0.828574861,0.890055872,9.488718120178516,16.60139884751425,28.07711935415316
47071,TN,Hardin,Ohio Valley,37039.0,0.27174968,0.776427656,0.0388214,32.8,0.116464148,white_not_hispanic_2017,0.465856594,0.97053457,17.20071086218967,41.9516398298239,24.34702999623028
21013,KY,Bell,Ohio Valley,26014.0,0.220653133,0.367755222,0.0367755,34.3,0.110326567,white_not_hispanic_2017,0.882612533,0.367755222,26.04857693130751,42.06077466295742,22.39995720094158
4001,AZ,Apache,Southwest,34040.0,0.126098104,0.57444692,0.0,29.5,0.0,native_2017,0.168130806,0.238185308,18.54759137851646,31.21231389918214,37.73105005810511
17113,IL,McLean,Ohio Valley,64271.0,0.162142129,0.364819791,0.0231632,31.1,0.121606597,white_not_hispanic_2017,0.810710646,0.660150097,3.76849964762576,24.09192205862745,27.5632845088665
46041,SD,Dewey,Northern Rockies and Plains,38540.0,0.173190163,0.519570488,0.0,31.9,0.0,native_2017,0.0,0.346380326,16.81557115507339,35.00319081046585,30.98276962348436
48381,TX,Randall,South,65795.0,0.075496199,0.347282514,0.0301985,33.0,0.098145058,white_not_hispanic_2017,0.60396959,0.536023011,7.004129241933509,24.24121005709706,37.82207530579763
49007,UT,Carbon,Southwest,49743.0,0.196357567,0.490893918,0.0490894,25.3,0.098178784,white_not_hispanic_2017,0.736340877,0.687251485,7.841954456341426,29.38470818881013,46.01115970441864
30027,MT,Fergus,Northern Rockies and Plains,45520.0,0.796460177,0.265486726,0.0,25.3,0.088495575,white_not_hispanic_2017,0.530973451,1.592920354,5.431192660550459,31.41284403669725,35.95107033639144
46129,SD,Walworth,Northern Rockies and Plains,47834.0,0.54535539,0.54535539,0.0,31.9,0.0,white_not_hispanic_2017,1.45428104,0.72714052,10.96502760978175,40.59952668945569,26.89981593478833
37077,NC,Granville,Southeast,50414.0,0.118999048,0.662994696,0.0169999,32.1,0.0509996,white_not_hispanic_2017,0.560995512,0.305997552,13.94110718492344,30.82685512367491,31.43227326266195
29197,MO,Schuyler,Ohio Valley,38134.0,0.222667557,0.668002672,0.0,32.5,0.0,white_not_hispanic_2017,0.0,0.445335115,11.40408701384311,46.60514172709295,32.76203032300593
20191,KS,Sumner,South,52186.0,0.172391501,0.387880877,0.0430979,32.4,0.0,white_not_hispanic_2017,0.517174503,0.646468129,7.053462550542328,34.55490661703357,34.83088376869264
25011,MA,Franklin,Northeast,56544.0,0.25489252,0.438981563,0.0141607,25.9,0.113285565,white_not_hispanic_2017,0.467302954,0.962927299,6.557131629177738,27.99693102286762,27.16606160410195
17035,IL,Cumberland,Ohio Valley,49733.0,0.183621006,0.459052516,0.0,31.1,0.0,white_not_hispanic_2017,0.275431509,0.367242012,8.076165462902168,40.24950755088641,32.80367695338148
8093,CO,Park,Southwest,68535.0,0.23054755,0.403458213,0.0,22.6,0.0,white_not_hispanic_2017,0.288184438,0.806916427,2.313993174061433,26.65529010238908,38.47098976109215
13273,GA,Terrell,Southeast,34018.0,0.675067507,1.01260126,0.0,31.6,0.0,white_not_hispanic_2017,0.562556256,0.337533753,23.48001343634532,33.6580450117568,32.65031911320121
36015,NY,Chemung,Northeast,50722.0,0.174337517,0.453277545,0.023245,25.7,0.162715016,white_not_hispanic_2017,0.615992562,0.860065086,10.09745076881575,34.63548691664419,31.71364985163205
17133,IL,Monroe,Ohio Valley,83139.0,0.118070724,0.383729854,0.0295177,31.1,0.177106087,white_not_hispanic_2017,0.590353622,0.885530433,4.188653004458625,26.2895242770074,32.96109952141367
32005,NV,Douglas,West,61988.0,0.125138173,0.354558158,0.0417127,26.7,0.145994536,white_not_hispanic_2017,0.646547229,1.126243561,5.829263113187514,23.64355489488214,38.67328519855596
20151,KS,Pratt,South,51419.0,0.20894275,0.20894275,0.104471375,32.4,0.20894275,white_not_hispanic_2017,1.044713748,1.253656498,8.308507116848727,24.82621648460775,37.37173121482953
21167,KY,Mercer,Ohio Valley,51048.0,0.140232786,0.280465573,0.0467443,34.3,0.093488524,white_not_hispanic_2017,0.560931146,0.514186884,13.315649867374,36.16710875331565,31.8368700265252
45065,SC,McCormick,Southeast,43262.0,0.104504128,0.731528895,0.0,34.1,0.0,white_not_hispanic_2017,0.418016512,0.52252064,16.31250795266573,34.34279170377911,28.37511133732027
17149,IL,Pike,Ohio Valley,41671.0,0.314821811,0.818536708,0.0,31.1,0.062964362,white_not_hispanic_2017,0.377786173,0.818536708,10.32139577594123,41.09274563820018,33.03030303030303
26009,MI,Antrim,Upper Midwest,50356.0,0.216769271,0.563600104,0.0,32.3,0.0,white_not_hispanic_2017,0.650307812,0.997138646,6.978068926231843,30.87439475932783,32.57761321560809
16065,ID,Madison,Northwest,41199.0,0.0515716,0.283644052,0.0,29.3,0.0515716,white_not_hispanic_2017,0.747788866,0.412573167,4.624105011933175,14.48687350835322,42.26133651551313
19029,IA,Cass,Upper Midwest,47897.0,0.455235205,0.606980273,0.075872534,36.4,0.227617602,white_not_hispanic_2017,0.606980273,0.986342944,11.13377710972729,32.34915181447284,33.51943311144513
39141,OH,Ross,Ohio Valley,47507.0,0.117019893,0.442075153,0.0390066,33.8,0.065011052,white_not_hispanic_2017,0.715121571,0.494083994,11.12721535243826,44.42630169155689,28.28495945400507
21077,KY,Gallatin,Ohio Valley,49945.0,0.229147571,0.687442713,0.0,34.3,0.0,white_not_hispanic_2017,0.229147571,0.458295142,17.27349703640982,48.45046570702794,24.69093988145639
42033,PA,Clearfield,Northeast,46173.0,0.212407072,0.399825077,0.0249891,31.6,0.074967202,white_not_hispanic_2017,0.599737615,0.874617355,11.91463537979165,48.32102761201578,22.9880988503422
24015,MD,Cecil,Northeast,70504.0,0.155792057,0.418691152,0.019474,31.3,0.058422,white_not_hispanic_2017,0.593957216,0.516061187,9.960064457367057,35.22454984936594,29.54389406571849
39145,OH,Scioto,Ohio Valley,39245.0,0.170514166,0.590241343,0.0131165,33.8,0.0131165,white_not_hispanic_2017,0.773871983,0.577124869,14.34726492806438,42.43632084424705,27.61644459628744
36099,NY,Seneca,Northeast,48998.0,0.201259308,0.431269946,0.0287513,25.7,0.0,white_not_hispanic_2017,0.632529254,0.948793882,15.0844779384952,34.33005145658603,29.24516834812204
24510, MD,Baltimore city,,46604.0,0.494361042,0.518673881,0.00324171,31.3,0.087526217,black_2017,1.124873978,0.607820954,14.46604752255352,28.48932949255176,24.17770416807058
46009,SD,Bon Homme,Northern Rockies and Plains,48889.0,0.287026406,0.574052813,0.0,31.9,0.0,white_not_hispanic_2017,0.0,0.43053961,12.16805390408244,34.68093539437178,32.81807372175981
20165,KS,Rush,South,45281.0,0.0,0.650618087,0.0,32.4,0.0,white_not_hispanic_2017,0.650618087,1.626545218,6.95364238410596,31.07852412488174,40.06622516556291
27065,MN,Kanabec,Upper Midwest,51347.0,0.062964362,0.503714897,0.0,28.4,0.125928724,white_not_hispanic_2017,0.251857449,0.818536708,10.0830162573504,38.68903493600831,36.5703908682117
42123,PA,Warren,Northeast,43896.0,0.250012501,0.400020001,0.0250013,31.6,0.0,white_not_hispanic_2017,0.600030002,0.675033752,6.804428551781048,45.24136982533351,28.53802778159813
12105,FL,Polk,Southeast,46289.0,0.130431263,0.475249543,0.0164913,28.4,0.05697,white_not_hispanic_2017,0.461756654,0.446764555,14.56381750928807,33.74108406366866,31.10739089830225
22033,LA,East Baton Rouge,South,50451.0,0.265784589,0.562837954,0.0290353,36.2,0.129542069,white_not_hispanic_2017,0.917961901,0.674512151,9.77838458611997,26.34283012092315,27.27153132588808
28147,MS,Walthall,South,32016.0,0.274536719,0.480439259,0.0,37.3,0.13726836,white_not_hispanic_2017,0.411805079,0.617707618,20.99658844205521,43.19239119197767,20.26258658120542
28051,MS,Holmes,South,22045.0,0.278396437,0.83518931,0.0,37.3,0.0556793,black_2017,0.389755011,0.111358575,21.40963525002286,37.66340616144072,29.24398939574001
13043,GA,Candler,Southeast,32970.0,0.366468163,1.465872652,0.0,31.6,0.0,white_not_hispanic_2017,0.916170408,0.641319285,21.56206415620641,40.78103207810321,26.30404463040446
51590, VA,Danville city,,35220.0,0.384218236,0.98455923,0.0480273,30.1,0.168095478,white_not_hispanic_2017,1.416804745,1.176668348,16.3599759827641,33.66651361565359,31.54734574223855
56037,WY,Sweetwater,Northern Rockies and Plains,74546.0,0.090405696,0.497231326,0.0226014,28.8,0.135608543,white_not_hispanic_2017,0.700644141,0.723245564,7.430230910893894,32.28148462955092,39.07777305567361
37051,NC,Cumberland,Southeast,45286.0,0.149907957,0.51568337,0.0269834,32.1,0.080950297,white_not_hispanic_2017,0.830490079,0.638607895,8.465312922844307,26.39222616542512,39.5332039620361
5027,AR,Columbia,South,35322.0,0.125088604,0.750531627,0.0416962,35.0,0.083392403,white_not_hispanic_2017,0.875620231,0.29187341,13.19411160561452,41.70489558370421,24.61485792536802
1079,AL,Lawrence,Southeast,43107.0,0.090274434,0.601829562,0.0300915,36.3,0.060183,white_not_hispanic_2017,0.451372171,0.451372171,19.21712747318491,39.67351822571685,25.25960429041494
48481,TX,Wharton,South,46097.0,0.168131815,0.768602584,0.0480377,33.0,0.0240188,white_not_hispanic_2017,0.864677907,0.6244896,19.9546063402292,29.07426700401846,32.19973210299152
29135,MO,Moniteau,Ohio Valley,50241.0,0.187418005,0.499781346,0.0,32.5,0.124945336,white_not_hispanic_2017,0.374836009,0.499781346,14.68283582089552,41.57649253731343,24.76679104477612
27151,MN,Swift,Upper Midwest,50954.0,0.317662008,0.741211351,0.0,28.4,0.0,white_not_hispanic_2017,0.741211351,0.952986023,8.950664426454864,32.27432411791661,37.26897815793493
48253,TX,Jones,South,40931.0,0.150045014,0.400120036,0.0,33.0,0.100030009,white_not_hispanic_2017,0.400120036,0.300090027,21.02176989957539,38.15461346633416,28.97486014692997
38045,ND,LaMoure,Northern Rockies and Plains,52563.0,0.486144871,0.243072436,0.0,33.2,0.0,white_not_hispanic_2017,0.243072436,1.458434614,13.05657850686307,28.12186139939739,33.71275527284901
36117,NY,Wayne,Northeast,58521.0,0.164972944,0.439927852,0.0219964,25.7,0.054991,white_not_hispanic_2017,0.714882759,0.604900796,10.13604378420641,32.7928068803753,33.35574667709148
55047,WI,Green Lake,Upper Midwest,50386.0,0.322182248,0.590667454,0.053697,32.0,0.107394083,white_not_hispanic_2017,0.268485206,1.181334908,9.336442973216972,39.13632260006018,30.60487511284983
29015,MO,Benton,Ohio Valley,36413.0,0.158553988,0.739918609,0.0528513,32.5,0.0528513,white_not_hispanic_2017,0.264256646,1.162729243,13.83874849578821,39.16967509025271,32.3305254713197
19165,IA,Shelby,Upper Midwest,59121.0,0.25702536,0.59972584,0.0,36.4,0.0,white_not_hispanic_2017,0.59972584,0.4283756,8.318154219793565,34.99696417729204,35.60412871888282
16031,ID,Cassia,Northwest,48983.0,0.213110562,0.895064359,0.0426221,29.3,0.255732674,white_not_hispanic_2017,0.937686472,0.809820135,15.07126886528787,28.67523756288429,36.82923420905534
29219,MO,Warren,Ohio Valley,54756.0,0.177436049,0.266154074,0.0295727,32.5,0.088718025,white_not_hispanic_2017,0.443590123,0.621026172,10.48838076301727,36.89987987241622,33.1634977838532
6065,CA,Riverside,West,59951.0,0.146237914,0.191073034,0.0113135,25.1,0.075423566,hispanic_2017,0.64570953,0.507432992,17.24017400143468,26.6679178714236,32.84343208823765
39015,OH,Brown,Ohio Valley,51504.0,0.137475942,0.572816424,0.0,33.8,0.0,white_not_hispanic_2017,0.52699111,0.458253139,12.19247823944819,45.04187879783215,28.45459024470356
42081,PA,Lycoming,Northeast,48962.0,0.15692018,0.427171601,0.0087178,31.6,0.0435889,white_not_hispanic_2017,0.601527356,0.897932141,9.534045725646124,37.74229622266402,29.25695825049702
29067,MO,Douglas,Ohio Valley,33121.0,0.149790294,0.449370881,0.074895147,32.5,0.0,white_not_hispanic_2017,0.299580587,0.449370881,17.07367764730334,42.38802868128442,27.49662267484153
29209,MO,Stone,Ohio Valley,43092.0,0.158559016,0.665947866,0.0317118,32.5,0.095135409,white_not_hispanic_2017,0.475677047,0.824506881,11.26800453147758,33.29826832820844,35.62874251497006
18119,IN,Owen,Ohio Valley,46069.0,0.095593156,0.382372622,0.0,33.6,0.095593156,white_not_hispanic_2017,0.286779467,0.4301692,14.65247755237779,42.59394745593615,28.08779514466245
22005,LA,Ascension,South,74212.0,0.181087844,0.51033847,0.0329251,36.2,0.123468985,white_not_hispanic_2017,0.749045173,0.419794548,10.40924173528327,29.77264348039818,32.2379255253779
8009,CO,Baca,Southwest,34070.0,0.281848929,0.845546787,0.0,22.6,0.0,white_not_hispanic_2017,0.0,1.127395716,14.03575503993914,29.9353366298973,34.08139977177634
17153,IL,Pulaski,Ohio Valley,35875.0,0.53542745,0.713903266,0.0,31.1,0.0,white_not_hispanic_2017,0.178475817,0.356951633,10.36458333333333,39.86979166666666,38.046875
47027,TN,Clay,Ohio Valley,30976.0,0.520291363,0.780437045,0.0,32.8,0.0,white_not_hispanic_2017,0.650364204,0.520291363,19.25499370163757,47.90354507827965,19.84883930178154
37147,NC,Pitt,Southeast,45918.0,0.152003918,0.472901079,0.0225191,32.1,0.11822527,white_not_hispanic_2017,0.928912834,0.714981394,11.01357178521175,24.17502609958695,32.72116563024829
18165,IN,Vermillion,Ohio Valley,51425.0,0.192172186,0.640573954,0.0,33.6,0.064057395,white_not_hispanic_2017,0.448401768,0.768688745,8.30966559780119,42.53779202931745,33.45854328905176
